PC_Index,Explained_Variance,Variance_Ratio,Fisher_Score,Fisher_Rank
1,29.886951,0.10194905,3.1672869,2
2,16.406021,0.055963494,2.3234756,10
3,14.934786,0.050944883,2.7477531,5
4,12.733026,0.043434337,1.9624828,20
5,8.445741,0.028809737,3.2269518,1
6,7.7483635,0.026430875,2.783541,4
7,7.429332,0.025342608,2.7891471,3
8,5.5557256,0.018951446,2.617089,6
9,4.9248548,0.016799448,1.9054625,28
10,4.603966,0.015704846,2.046606,16
11,4.2222943,0.014402905,2.2837312,12
12,3.9674587,0.01353362,1.8612622,32
13,3.5076835,0.011965255,2.4821594,7
14,3.2815762,0.011193967,2.3545086,9
15,3.1069407,0.010598259,2.3216398,11
16,2.8180494,0.009612806,1.8661872,31
17,2.721996,0.009285153,2.3998415,8
18,2.6721904,0.009115258,2.0856178,14
19,2.4787152,0.008455284,2.1540806,13
20,2.3678536,0.008077118,2.0292976,17
21,2.2575054,0.007700703,1.9304875,23
22,2.1607318,0.007370593,1.6395319,44
23,2.121407,0.00723645,1.8372246,33
24,2.0529993,0.0070031006,1.9112369,27
25,1.9204925,0.0065510995,2.0285757,18
26,1.8832868,0.006424185,1.9158572,26
27,1.8528136,0.006320236,1.895586,29
28,1.8001474,0.0061405837,2.0627606,15
29,1.6785475,0.005725787,1.625313,46
30,1.642991,0.005604498,1.6809831,39
31,1.6008939,0.0054608984,1.9246768,24
32,1.5453364,0.005271383,1.9703594,19
33,1.5179979,0.0051781274,1.6374955,45
34,1.4353766,0.0048962934,1.8831651,30
35,1.3862073,0.004728569,1.6635582,43
36,1.3687176,0.004668909,1.9193352,25
37,1.3399937,0.0045709275,1.668282,41
38,1.3038534,0.0044476474,1.7339796,35
39,1.2557502,0.0042835595,1.6878762,38
40,1.216347,0.004149149,1.9440186,21
41,1.1866742,0.0040479307,1.4440314,58
42,1.157933,0.00394989,1.5155144,53
43,1.1137514,0.0037991796,1.5956587,49
44,1.1008674,0.0037552302,1.3548874,69
45,1.0804179,0.0036854737,1.3203113,76
46,1.0593492,0.0036136052,1.3480184,73
47,1.0115721,0.0034506302,1.6104581,48
48,1.0076287,0.0034371784,1.6753651,40
49,0.97961587,0.0033416224,1.725223,36
50,0.96527797,0.0032927135,1.9393991,22
51,0.9531157,0.0032512262,1.6659477,42
52,0.92476416,0.0031545146,1.5570292,50
53,0.8951348,0.0030534444,1.492184,55
54,0.89204895,0.003042918,1.8202571,34
55,0.860636,0.0029357634,1.2457459,86
56,0.85561633,0.0029186406,1.3665836,67
57,0.834846,0.00284779,1.5206381,52
58,0.8257989,0.0028169288,1.6159102,47
59,0.80608135,0.0027496691,1.505194,54
60,0.79999775,0.002728917,1.4477186,57
61,0.7725097,0.002635151,1.7225902,37
62,0.76831055,0.002620827,1.441127,59
63,0.76101255,0.0025959325,1.3158176,78
64,0.74480426,0.0025406433,1.403772,63
65,0.73600984,0.0025106443,1.3865062,64
66,0.72183746,0.0024623,1.3832061,65
67,0.71736586,0.0024470468,1.3456064,75
68,0.70098525,0.00239117,1.3098118,81
69,0.681831,0.002325832,1.5353342,51
70,0.6766103,0.0023080232,1.3054079,82
71,0.66006416,0.0022515818,1.310319,80
72,0.65000534,0.0022172695,1.1661968,96
73,0.6365624,0.0021714135,1.3505312,71
74,0.6265972,0.0021374207,1.1516477,99
75,0.6199605,0.0021147819,1.4572128,56
76,0.6165458,0.0021031338,1.3812292,66
77,0.60205704,0.0020537104,1.3511807,70
78,0.59531236,0.0020307032,1.4218651,61
79,0.5816328,0.00198404,1.3189386,77
80,0.5728855,0.0019542018,1.2915702,83
81,0.56412184,0.0019243076,1.2483222,85
82,0.5558377,0.001896049,1.2159115,89
83,0.5527948,0.0018856693,1.3461624,74
84,0.5348128,0.0018243298,1.4227914,60
85,0.53025633,0.001808787,1.1231694,100
86,0.52426153,0.0017883378,1.4043329,62
87,0.52147484,0.0017788319,1.2514628,84
88,0.5143519,0.0017545345,1.1654733,97
89,0.51182425,0.0017459122,1.3568518,68
90,0.4948621,0.0016880517,1.3501159,72
91,0.4909711,0.0016747789,1.1773423,94
92,0.4812633,0.0016416642,1.0359433,112
93,0.4745112,0.0016186316,0.9222572,132
94,0.47101486,0.0016067051,1.2282137,87
95,0.46461412,0.0015848712,1.1767629,95
96,0.46134543,0.0015737212,1.0046407,119
97,0.45420367,0.0015493595,1.0119168,118
98,0.4470007,0.0015247891,1.2084854,91
99,0.44048306,0.0015025564,1.209791,90
100,0.4300109,0.0014668342,0.95448357,127
101,0.42777416,0.0014592044,1.1156687,102
102,0.42481774,0.0014491195,1.1161044,101
103,0.4203539,0.0014338926,1.223618,88
104,0.4155883,0.0014176364,1.1100646,104
105,0.41328612,0.0014097834,0.9965056,120
106,0.40458655,0.0013801078,1.1116518,103
107,0.40057954,0.0013664393,1.1556879,98
108,0.3948699,0.0013469628,0.9688054,125
109,0.38792193,0.0013232621,1.1028814,106
110,0.38117716,0.0013002547,1.0566669,107
111,0.37418896,0.0012764168,1.3111414,79
112,0.37304568,0.001272517,1.1777151,93
113,0.3711514,0.0012660553,1.0543895,109
114,0.36795416,0.001255149,0.9161956,135
115,0.3621309,0.001235285,0.91546625,136
116,0.3571573,0.0012183192,1.1090627,105
117,0.35429588,0.0012085584,0.8896271,148
118,0.3503582,0.0011951264,1.0319166,114
119,0.3462559,0.0011811329,0.8762615,152
120,0.3426577,0.0011688587,0.90749323,141
121,0.33738253,0.0011508644,0.8848699,149
122,0.3349364,0.0011425203,1.0549022,108
123,0.3310114,0.0011291315,1.0266109,115
124,0.32790864,0.0011185475,1.046421,110
125,0.3253176,0.001109709,0.8828903,151
126,0.32041395,0.0010929819,0.905859,142
127,0.31741992,0.0010827688,1.1842567,92
128,0.31125897,0.0010617529,1.0152123,116
129,0.30775145,0.0010497882,0.9864745,121
130,0.3050064,0.0010404245,1.0461054,111
131,0.3032472,0.0010344235,0.8332275,164
132,0.301005,0.001026775,0.8628865,155
133,0.2977234,0.001015581,1.0333165,113
134,0.2958553,0.0010092086,0.85366535,158
135,0.2927909,0.0009987553,0.9076864,140
136,0.29032016,0.0009903273,1.0145423,117
137,0.28999135,0.0009892057,0.97241926,124
138,0.28716537,0.0009795659,0.9197428,133
139,0.2845403,0.0009706113,0.94667643,128
140,0.283144,0.00096584833,0.93149304,129
141,0.2788407,0.00095116906,0.8994343,146
142,0.276755,0.00094405445,0.8005315,168
143,0.27401704,0.0009347148,0.7074229,208
144,0.27213794,0.0009283049,0.8969008,147
145,0.27073374,0.000923515,0.9261256,131
146,0.26487327,0.000903524,0.84323287,161
147,0.2626338,0.0008958848,0.7668238,180
148,0.26069683,0.0008892775,0.976205,123
149,0.25818622,0.00088071346,0.8428484,162
150,0.25693348,0.00087644014,0.926479,130
151,0.2545129,0.0008681832,0.90463895,143
152,0.25356588,0.00086495274,0.9197381,134
153,0.2519235,0.0008593503,0.68391836,229
154,0.249976,0.0008527071,0.9798252,122
155,0.2417684,0.0008247097,0.90926576,138
156,0.23986168,0.0008182056,0.90163887,145
157,0.23821388,0.0008125847,0.810962,167
158,0.2366625,0.0008072927,0.9616147,126
159,0.23484622,0.0008010971,0.84325624,160
160,0.23405004,0.00079838117,0.9119724,137
161,0.23269132,0.0007937464,0.8831882,150
162,0.23174062,0.0007905034,0.67029315,237
163,0.22765206,0.00077655667,0.8320635,165
164,0.22633542,0.0007720654,0.9086405,139
165,0.22592974,0.00077068154,0.76002175,182
166,0.22494157,0.00076731073,0.74694204,188
167,0.22278918,0.00075996865,0.7528435,184
168,0.22185427,0.0007567795,0.7432016,191
169,0.22008592,0.0007507474,0.90303004,144
170,0.21736877,0.00074147875,0.7807372,174
171,0.21521862,0.00073414424,0.7930297,171
172,0.21396594,0.00072987116,0.8501469,159
173,0.21180874,0.00072251266,0.78342205,173
174,0.21111147,0.0007201341,0.7704988,179
175,0.20850815,0.0007112538,0.8235848,166
176,0.20736024,0.0007073381,0.69266284,219
177,0.20572437,0.0007017579,0.7162371,205
178,0.20483534,0.0006987253,0.73889345,196
179,0.20347151,0.00069407304,0.8713125,153
180,0.20162284,0.00068776694,0.68516946,225
181,0.20012029,0.00068264146,0.7937459,170
182,0.19831763,0.00067649235,0.6762717,232
183,0.19724241,0.0006728246,0.8574631,157
184,0.19437374,0.00066303916,0.60640275,291
185,0.19189021,0.00065456744,0.86430454,154
186,0.1904068,0.0006495073,0.6875602,222
187,0.18919502,0.0006453737,0.69030607,220
188,0.18875235,0.0006438637,0.779722,175
189,0.18758082,0.00063986744,0.66256976,239
190,0.18615781,0.0006350133,0.8604424,156
191,0.18548736,0.0006327263,0.8360092,163
192,0.18358703,0.000626244,0.7567183,183
193,0.18218264,0.0006214534,0.72311157,202
194,0.18160921,0.0006194973,0.7869952,172
195,0.18063915,0.0006161883,0.7184245,203
196,0.17845806,0.0006087483,0.7253039,200
197,0.1781741,0.0006077796,0.74877703,187
198,0.1764553,0.0006019166,0.74887854,186
199,0.17582594,0.0005997697,0.72323185,201
200,0.17390868,0.0005932296,0.62973094,268
201,0.17383231,0.0005929691,0.7792841,176
202,0.17279768,0.0005894398,0.74168164,193
203,0.17045534,0.0005814497,0.63313377,265
204,0.16945602,0.0005780409,0.66124797,240
205,0.16936174,0.0005777193,0.7258184,198
206,0.16701113,0.00056970096,0.71725196,204
207,0.16656217,0.0005681695,0.6469902,249
208,0.16558534,0.0005648374,0.7515246,185
209,0.16473529,0.00056193775,0.7052772,210
210,0.16384137,0.0005588884,0.61601794,279
211,0.16302592,0.0005561068,0.70184755,211
212,0.16223152,0.000553397,0.62952894,269
213,0.16127025,0.0005501179,0.7353301,197
214,0.15960515,0.000544438,0.63496166,261
215,0.15816496,0.00053952535,0.69948554,213
216,0.15775733,0.00053813483,0.6839282,228
217,0.1566406,0.0005343255,0.77645826,177
218,0.15580173,0.000531464,0.7452286,190
219,0.15545157,0.0005302695,0.64616084,250
220,0.15376863,0.0005245288,0.5785799,315
221,0.15329227,0.0005229038,0.74635047,189
222,0.15115525,0.0005156141,0.73893005,195
223,0.14965121,0.00051048363,0.69621253,216
224,0.14886375,0.00050779746,0.7062169,209
225,0.147564,0.0005033638,0.738962,194
226,0.1468048,0.000500774,0.7122448,207
227,0.14631152,0.0004990914,0.7147211,206
228,0.14551659,0.00049637974,0.64365804,254
229,0.14472504,0.00049367966,0.7644531,181
230,0.14416619,0.00049177336,0.5624906,336
231,0.14370151,0.00049018825,0.6801229,231
232,0.14291139,0.00048749303,0.6607032,241
233,0.14208815,0.0004846848,0.5848583,311
234,0.14185435,0.0004838873,0.7427755,192
235,0.1402827,0.00047852617,0.60816634,286
236,0.14007504,0.0004778178,0.773541,178
237,0.13892765,0.00047390387,0.54894805,359
238,0.13864885,0.00047295284,0.5864173,310
239,0.13758402,0.0004693205,0.6578126,244
240,0.13747594,0.00046895185,0.6858061,223
241,0.13630429,0.00046495517,0.7977804,169
242,0.1355413,0.00046235253,0.68397653,227
243,0.13549349,0.0004621894,0.6366197,258
244,0.1339605,0.00045696014,0.6067538,289
245,0.13331284,0.00045475087,0.6362856,259
246,0.13271654,0.0004527168,0.63348025,263
247,0.13190731,0.00044995642,0.5453877,364
248,0.13162689,0.00044899984,0.6065273,290
249,0.13085167,0.00044635544,0.5574725,345
250,0.13069548,0.00044582263,0.5993075,297
251,0.12983066,0.0004428726,0.5504505,354
252,0.12944363,0.0004415524,0.5728462,323
253,0.12834284,0.00043779743,0.5377579,373
254,0.127386,0.00043453352,0.6354791,260
255,0.12685098,0.00043270845,0.56304866,335
256,0.12582262,0.00042920056,0.64726835,248
257,0.1252132,0.00042712176,0.6736051,233
258,0.12493534,0.0004261739,0.60699385,288
259,0.12428656,0.00042396082,0.60119087,296
260,0.12382993,0.0004224032,0.64763445,247
261,0.12301759,0.00041963215,0.59769994,299
262,0.12224409,0.00041699366,0.62910813,272
263,0.121582985,0.00041473852,0.69377744,217
264,0.12117029,0.00041333074,0.6108452,283
265,0.12100861,0.00041277925,0.60194206,294
266,0.120012745,0.0004093822,0.65908766,243
267,0.119515754,0.00040768686,0.6173989,278
268,0.11888927,0.00040554983,0.60910934,285
269,0.118480146,0.00040415424,0.51225823,402
270,0.117804855,0.00040185073,0.59103364,304
271,0.11744713,0.00040063047,0.6450748,251
272,0.11671464,0.00039813184,0.6113148,282
273,0.116658345,0.0003979398,0.68780226,221
274,0.11577122,0.0003949137,0.63832736,256
275,0.11479863,0.00039159603,0.6016823,295
276,0.11408547,0.00038916332,0.5902685,305
277,0.11386741,0.0003884195,0.6526342,246
278,0.11367146,0.00038775106,0.6072105,287
279,0.113124445,0.00038588513,0.54960173,357
280,0.11262083,0.00038416722,0.63055813,267
281,0.112126075,0.0003824795,0.6852934,224
282,0.11115206,0.000379157,0.5792587,314
283,0.111127965,0.0003790748,0.6292605,270
284,0.110558555,0.00037713247,0.6697221,238
285,0.10971502,0.00037425503,0.69787353,215
286,0.10920554,0.0003725171,0.65718865,245
287,0.1086387,0.00037058353,0.56771845,329
288,0.108365186,0.00036965054,0.6292145,271
289,0.10794797,0.00036822734,0.5752019,320
290,0.10759268,0.0003670154,0.53177935,379
291,0.106839925,0.00036444765,0.61071104,284
292,0.10676748,0.00036420053,0.5095949,405
293,0.106154375,0.00036210913,0.5487943,360
294,0.10604553,0.00036173782,0.69923335,214
295,0.10543816,0.00035966598,0.5752644,319
296,0.10469293,0.0003571239,0.53139716,380
297,0.10448931,0.00035642934,0.59829736,298
298,0.103470095,0.00035295263,0.5766878,318
299,0.10300718,0.00035137354,0.5682229,328
300,0.10272312,0.0003504046,0.5264085,386
301,0.10225614,0.00034881165,0.67125225,236
302,0.10176234,0.0003471272,0.57494396,321
303,0.101487525,0.00034618977,0.6933577,218
304,0.10093516,0.00034430556,0.72554564,199
305,0.10050592,0.00034284135,0.5872919,308
306,0.10016979,0.00034169477,0.46822593,452
307,0.09979592,0.00034041944,0.64397603,253
308,0.0991643,0.0003382649,0.56767946,330
309,0.09890209,0.00033737044,0.5624586,337
310,0.09863112,0.00033644613,0.56471145,333
311,0.09824854,0.00033514109,0.6263431,273
312,0.097870536,0.00033385167,0.6727898,234
313,0.097279936,0.000331837,0.684511,226
314,0.09668751,0.00032981616,0.70113957,212
315,0.09614732,0.0003279735,0.6044877,293
316,0.09563664,0.0003262315,0.5620149,338
317,0.09547608,0.0003256838,0.5472668,362
318,0.094766475,0.00032326323,0.5498128,356
319,0.09435691,0.00032186613,0.568809,327
320,0.094212994,0.0003213752,0.55267715,351
321,0.093517974,0.00031900438,0.63333875,264
322,0.09334176,0.0003184033,0.68095386,230
323,0.09251149,0.00031557112,0.6722652,235
324,0.09233476,0.00031496826,0.5814633,313
325,0.09168312,0.00031274543,0.6149216,280
326,0.091598585,0.00031245706,0.60481507,292
327,0.09145435,0.00031196504,0.5225886,392
328,0.090935774,0.0003101961,0.64499205,252
329,0.090652555,0.00030923,0.56193286,339
330,0.09038227,0.00030830802,0.62200266,277
331,0.09022839,0.0003077831,0.63690674,257
332,0.089591086,0.00030560917,0.502513,414
333,0.08933901,0.0003047493,0.5952098,301
334,0.0888471,0.0003030713,0.6433607,255
335,0.0885566,0.00030208039,0.56660706,331
336,0.08796624,0.00030006655,0.51213765,403
337,0.08784461,0.00029965167,0.54021716,371
338,0.087398864,0.00029813114,0.6349437,262
339,0.08701142,0.0002968095,0.56371856,334
340,0.08681142,0.00029612728,0.52871764,383
341,0.08647307,0.0002949731,0.50933623,406
342,0.08602128,0.000293432,0.55182326,352
343,0.08566601,0.0002922201,0.4953302,424
344,0.0855428,0.0002917998,0.5344052,377
345,0.08515763,0.00029048597,0.5895801,306
346,0.08464348,0.00028873212,0.5932605,303
347,0.084489115,0.00028820554,0.54384506,366
348,0.08416408,0.0002870968,0.5466678,363
349,0.08383974,0.00028599042,0.5204426,396
350,0.08362742,0.00028526617,0.6239519,276
351,0.083194666,0.00028378997,0.5710147,324
352,0.083013095,0.0002831706,0.6602301,242
353,0.08268895,0.0002820649,0.55988157,342
354,0.082225345,0.00028048348,0.5517585,353
355,0.08179191,0.00027900495,0.5256004,388
356,0.08141387,0.00027771541,0.5451043,365
357,0.08122781,0.00027708072,0.584074,312
358,0.080671355,0.00027518257,0.5089881,407
359,0.08037794,0.00027418166,0.577438,317
360,0.08024843,0.00027373992,0.55002546,355
361,0.07975122,0.00027204386,0.55299145,350
362,0.0795666,0.00027141406,0.57486725,322
363,0.079383194,0.00027078844,0.62413037,275
364,0.07934245,0.00027064944,0.5167239,399
365,0.07910579,0.00026984216,0.52640676,387
366,0.07868592,0.00026840993,0.50887716,409
367,0.07836803,0.00026732558,0.63189864,266
368,0.07807912,0.00026634004,0.49679255,422
369,0.077547304,0.00026452594,0.578027,316
370,0.07717484,0.0002632554,0.5706615,325
371,0.07701051,0.00026269487,0.61490095,281
372,0.07651416,0.00026100173,0.46488014,458
373,0.076376356,0.00026053167,0.5060027,411
374,0.076266296,0.00026015623,0.58711636,309
375,0.075933784,0.00025902197,0.5891459,307
376,0.075561084,0.00025775062,0.46111304,463
377,0.07539887,0.0002571973,0.4622775,462
378,0.07522021,0.00025658787,0.49718595,420
379,0.074878156,0.00025542107,0.5217396,394
380,0.07474693,0.00025497342,0.5541798,347
381,0.07424883,0.00025327434,0.54181385,368
382,0.07412592,0.00025285507,0.4901225,430
383,0.073855564,0.00025193286,0.5548752,346
384,0.07346288,0.00025059335,0.45298338,469
385,0.07315398,0.00024953962,0.5234502,391
386,0.07298069,0.0002489485,0.44323877,481
387,0.07262702,0.0002477421,0.42595226,498
388,0.072531134,0.000247415,0.53753215,374
389,0.072127335,0.00024603758,0.62486386,274
390,0.07194696,0.0002454223,0.5540756,348
391,0.07157868,0.00024416603,0.52224314,393
392,0.07126072,0.00024308142,0.51824033,398
393,0.07097651,0.00024211194,0.43164885,491
394,0.07051529,0.00024053865,0.5215714,395
395,0.0702914,0.00023977492,0.59332514,302
396,0.070043035,0.0002389277,0.4453209,478
397,0.0698724,0.00023834566,0.47348017,448
398,0.069579855,0.00023734773,0.47573414,445
399,0.06933468,0.00023651139,0.50896084,408
400,0.06917198,0.00023595641,0.5396752,372
401,0.068877265,0.00023495109,0.56123495,341
402,0.06877952,0.00023461766,0.44001988,483
403,0.06857649,0.00023392511,0.49105743,429
404,0.06854493,0.00023381745,0.5590997,343
405,0.06820932,0.00023267262,0.558418,344
406,0.068023585,0.00023203905,0.54263407,367
407,0.067815416,0.00023132896,0.4788734,443
408,0.06739798,0.00022990502,0.5656304,332
409,0.067142606,0.00022903389,0.5246225,390
410,0.06667014,0.00022742225,0.4479696,476
411,0.06649369,0.00022682034,0.5311359,381
412,0.06643493,0.00022661989,0.5613934,340
413,0.06631176,0.00022619976,0.5534441,349
414,0.06593347,0.00022490935,0.51311135,401
415,0.06558583,0.00022372349,0.44499752,479
416,0.06535843,0.0002229478,0.4157967,505
417,0.06528431,0.00022269496,0.48942226,431
418,0.065043435,0.0002218733,0.46106705,464
419,0.06495341,0.00022156621,0.45110703,473
420,0.064743996,0.00022085186,0.49211937,427
421,0.064333335,0.00021945103,0.4360449,487
422,0.06420095,0.00021899946,0.43205914,490
423,0.06389812,0.00021796643,0.47952443,442
424,0.063803464,0.00021764357,0.46795943,454
425,0.06350485,0.00021662495,0.4340232,488
426,0.06313206,0.00021535331,0.4311791,492
427,0.06305139,0.00021507811,0.5041895,412
428,0.062739186,0.00021401314,0.45370635,468
429,0.062431533,0.00021296369,0.4735948,447
430,0.06229669,0.00021250371,0.50011194,418
431,0.06191698,0.00021120848,0.46631294,456
432,0.061753217,0.00021064984,0.5146979,400
433,0.06136674,0.00020933151,0.47965518,441
434,0.061166488,0.00020864843,0.5001897,417
435,0.06105743,0.00020827641,0.48901057,432
436,0.060853347,0.00020758025,0.4680266,453
437,0.060755607,0.00020724685,0.5491136,358
438,0.060438402,0.00020616481,0.42533484,500
439,0.060316876,0.00020575027,0.52526647,389
440,0.060225457,0.00020543842,0.43088976,493
441,0.060130693,0.00020511517,0.51021487,404
442,0.05981318,0.00020403208,0.46724862,455
443,0.059775073,0.00020390209,0.40385324,510
444,0.059454277,0.0002028078,0.5319276,378
445,0.059401553,0.00020262795,0.48617825,435
446,0.058968972,0.00020115236,0.5412441,369
447,0.05864474,0.00020004636,0.44713286,477
448,0.05846886,0.0001994464,0.5474608,361
449,0.05834516,0.00019902443,0.5370339,375
450,0.057896376,0.00019749356,0.5002532,416
451,0.057738137,0.00019695378,0.49432746,425
452,0.05763816,0.00019661275,0.42514178,501
453,0.057357367,0.00019565492,0.5350317,376
454,0.056933127,0.00019420777,0.5954581,300
455,0.05688431,0.00019404125,0.43781504,485
456,0.056692306,0.0001933863,0.48708418,433
457,0.05635037,0.00019221989,0.48308855,438
458,0.056064636,0.00019124521,0.46243212,460
459,0.055987652,0.00019098261,0.47819665,444
460,0.055794347,0.00019032322,0.44477576,480
461,0.055579767,0.00018959124,0.47076714,449
462,0.055388696,0.00018893948,0.54122627,370
463,0.055070005,0.00018785238,0.48140097,439
464,0.05488656,0.00018722661,0.4626841,459
465,0.054825798,0.00018701934,0.45294347,470
466,0.054621298,0.00018632176,0.49261415,426
467,0.054389495,0.00018553104,0.40519032,508
468,0.054253157,0.00018506598,0.44869977,475
469,0.05411567,0.000184597,0.43369597,489
470,0.053813804,0.00018356727,0.49811447,419
471,0.053578787,0.0001827656,0.4737758,446
472,0.053422164,0.00018223134,0.46836093,451
473,0.053376317,0.00018207493,0.43966442,484
474,0.052849114,0.00018027656,0.4843263,436
475,0.0527419,0.00017991084,0.38138747,511
476,0.052624807,0.00017951142,0.42601562,497
477,0.052532177,0.00017919544,0.57053626,326
478,0.052324485,0.00017848698,0.43715122,486
479,0.052071426,0.00017762375,0.5274354,384
480,0.051760986,0.00017656479,0.41746673,504
481,0.051323567,0.00017507268,0.5202624,397
482,0.051196463,0.00017463912,0.5004702,415
483,0.051145762,0.00017446617,0.46968815,450
484,0.050762482,0.00017315874,0.42218074,502
485,0.050702684,0.00017295475,0.4914642,428
486,0.05050574,0.00017228295,0.4602311,466
487,0.05022489,0.00017132492,0.42213395,503
488,0.050018493,0.00017062087,0.52724195,385
489,0.049881835,0.00017015472,0.48366073,437
490,0.04966226,0.0001694057,0.45550492,467
491,0.049362797,0.0001683842,0.48627314,434
492,0.04912429,0.00016757062,0.41389748,506
493,0.049039636,0.00016728185,0.49672002,423
494,0.048911933,0.00016684622,0.46230036,461
495,0.04871026,0.0001661583,0.5303182,382
496,0.04830775,0.00016478526,0.46047726,465
497,0.048114795,0.00016412706,0.44980168,474
498,0.047944095,0.00016354478,0.42581797,499
499,0.047572266,0.00016227641,0.46531335,457
500,0.04753163,0.0001621378,0.4421551,482
501,0.04733833,0.00016147843,0.48011395,440
502,0.04714651,0.0001608241,0.49691522,421
503,0.046959702,0.00016018686,0.4271211,495
504,0.046467103,0.00015850653,0.426197,496
505,0.046301126,0.00015794036,0.45118722,472
506,0.046127755,0.00015734896,0.50326276,413
507,0.045738515,0.0001560212,0.5085281,410
508,0.045524143,0.00015528995,0.40498093,509
509,0.0454015,0.0001548716,0.45136386,471
510,0.045282826,0.00015446678,0.3800443,512
511,0.044807237,0.00015284447,0.42903236,494
512,0.04466323,0.00015235324,0.40867916,507
