seed,dimension,method,eer,accuracy,auc,delta_eer
42,32,Raw PCA,9.258636905135118,90.74136309486488,0.9637896502418533,0.0
42,32,Raw XPCA (Min-Max),14.259953602106718,85.74004639789328,0.9349194215097208,5.0013166969716
42,32,Gabor + PCA,8.300081509812527,91.69991849018747,0.9721810368109325,0.0
42,32,Gabor + XPCA (Min-Max),8.191861558718413,91.80813844128159,0.9738948312379857,-0.10821995109411375
42,32,Gabor + XPCA (Softmax),9.257884506865633,90.74211549313436,0.9698927086184775,0.9578029970531059
42,32,Gabor + XPCA (Residual),7.425418521537399,92.5745814784626,0.976586547669477,-0.8746629882751282
42,32,Gabor + XPCA (Sort),6.636027337137122,93.36397266286288,0.979171618069181,-1.6640541726754048
42,32,Gabor + XPCA (Sort Weights),15.810395636090039,84.18960436390996,0.9211447354295474,7.510314126277512
42,64,Raw PCA,9.066775346416701,90.9332246535833,0.9680736958812313,0.0
42,64,Raw XPCA (Min-Max),11.725500031349927,88.27449996865006,0.9539065380656941,2.658724684933226
42,64,Gabor + PCA,7.230798169164208,92.76920183083578,0.9764350954031831,0.0
42,64,Gabor + XPCA (Min-Max),7.947959119694023,92.05204088030598,0.9749702224621469,0.7171609505298147
42,64,Gabor + XPCA (Softmax),8.925700670888457,91.07429932911154,0.9711143293638717,1.6949025017242487
42,64,Gabor + XPCA (Residual),6.20553012728071,93.79446987271929,0.9810173293225816,-1.025268041883498
42,64,Gabor + XPCA (Sort),6.063452254059818,93.93654774594017,0.981270401844905,-1.1673459151043897
42,64,Gabor + XPCA (Sort Weights),15.892407047463792,84.10759295253621,0.9219144131675814,8.661608878299583
42,128,Raw PCA,8.563922502978242,91.43607749702176,0.969317432242101,0.0
42,128,Raw XPCA (Min-Max),10.320647062511755,89.67935293748825,0.962487333252792,1.756724559533513
42,128,Gabor + PCA,6.70737977302652,93.29262022697348,0.9791214985571386,0.0
42,128,Gabor + XPCA (Min-Max),7.763245344535704,92.2367546554643,0.9764718405772057,1.0558655715091847
42,128,Gabor + XPCA (Softmax),8.917925888770453,91.08207411122955,0.9716865704555221,2.2105461157439334
42,128,Gabor + XPCA (Residual),5.278700858988026,94.72129914101197,0.9839918055876277,-1.4286789140384935
42,128,Gabor + XPCA (Sort),5.360837670073361,94.63916232992663,0.984344684046251,-1.3465421029531583
42,128,Gabor + XPCA (Sort Weights),15.894538842560662,84.10546115743934,0.9222678617361132,9.187159069534143
42,256,Raw PCA,8.581102263464793,91.41889773653521,0.9691358987259695,0.0
42,256,Raw XPCA (Min-Max),9.740297197316444,90.25970280268356,0.9662608173308519,1.1591949338516514
42,256,Gabor + PCA,6.051915480594397,93.94808451940561,0.9812331098057987,0.0
42,256,Gabor + XPCA (Min-Max),7.525738290801928,92.47426170919807,0.9775814897791589,1.4738228102075306
42,256,Gabor + XPCA (Softmax),8.669634459840742,91.33036554015925,0.972179174778142,2.6177189792463444
42,256,Gabor + XPCA (Residual),4.915041695404103,95.0849583045959,0.9865409015627558,-1.1368737851902946
42,256,Gabor + XPCA (Sort),4.633268543482353,95.36673145651766,0.9864036518842836,-1.4186469371120447
42,256,Gabor + XPCA (Sort Weights),15.902564424101826,84.09743557589817,0.9223552267976124,9.850648943507428
42,512,Raw PCA,8.86450561163709,91.1354943883629,0.969034312725471,0.0
42,512,Raw XPCA (Min-Max),9.385416013543168,90.61458398645684,0.9677696364478848,0.5209104019060771
42,512,Gabor + PCA,5.652015800363662,94.34798419963634,0.982690029346591,0.0
42,512,Gabor + XPCA (Min-Max),7.209981817041819,92.79001818295818,0.9786810238121817,1.557966016678157
42,512,Gabor + XPCA (Softmax),8.565051100382467,91.43494889961752,0.972493806936439,2.913035300018805
42,512,Gabor + XPCA (Residual),4.097310176186597,95.9026898238134,0.9886749379500818,-1.554705624177065
42,512,Gabor + XPCA (Sort),4.171045206596027,95.82895479340398,0.9890319833493652,-1.4809705937676352
42,512,Gabor + XPCA (Sort Weights),15.90331682237131,84.09668317762868,0.9223757201690144,10.251301022007649
42,1024,Raw PCA,8.981001943695528,91.01899805630447,0.9689378956399132,0.0
42,1024,Raw XPCA (Min-Max),8.963069784939492,91.03693021506051,0.9687106774795883,-0.017932158756035932
42,1024,Gabor + PCA,5.562229606871907,94.43777039312809,0.9831650923905315,0.0
42,1024,Gabor + XPCA (Min-Max),6.531820176813591,93.4681798231864,0.9807039866403429,0.9695905699416842
42,1024,Gabor + XPCA (Softmax),8.401780675904444,91.59821932409555,0.9726059644384768,2.839551069032537
42,1024,Gabor + XPCA (Residual),3.946579722866639,96.05342027713336,0.989233726405356,-1.615649884005268
42,1024,Gabor + XPCA (Sort),3.8814972725562753,96.11850272744373,0.989638596196107,-1.6807323343156315
42,1024,Gabor + XPCA (Sort Weights),15.901185027274439,84.09881497272555,0.9223763220876298,10.338955420402531
43,32,Raw PCA,10.526553388927203,89.47344661107279,0.9601854447637209,0.0
43,32,Raw XPCA (Min-Max),13.76938993040316,86.23061006959685,0.9375015789658806,3.242836541475956
43,32,Gabor + PCA,8.687441218885194,91.3125587811148,0.9680577034419162,0.0
43,32,Gabor + XPCA (Min-Max),8.610571195686248,91.38942880431375,0.9701241145174634,-0.07687002319894631
43,32,Gabor + XPCA (Softmax),9.828954793403973,90.17104520659602,0.9642729052513421,1.141513574518779
43,32,Gabor + XPCA (Residual),7.46354003385792,92.53645996614208,0.9725056079668578,-1.223901185027274
43,32,Gabor + XPCA (Sort),7.19882124271114,92.80117875728887,0.974105408550731,-1.4886199761740544
43,32,Gabor + XPCA (Sort Weights),17.080318515267418,82.91968148473259,0.9180575817124401,8.392877296382224
43,64,Raw PCA,9.651012602671013,90.34898739732898,0.9649371726035274,0.0
43,64,Raw XPCA (Min-Max),11.573515580914163,88.42648441908584,0.9504641752904456,1.9225029782431502
43,64,Gabor + PCA,8.007273183271677,91.99272681672832,0.9721496514040946,0.0
43,64,Gabor + XPCA (Min-Max),8.291805128848202,91.7081948711518,0.9717381935406912,0.28453194557652495
43,64,Gabor + XPCA (Softmax),9.674587748448177,90.32541225155182,0.9654571752338628,1.6673145651765005
43,64,Gabor + XPCA (Residual),6.844692457207346,93.15530754279266,0.9766344466890652,-1.1625807260643306
43,64,Gabor + XPCA (Sort),6.933350053294875,93.06664994670513,0.9773401326484266,-1.0739231299768015
43,64,Gabor + XPCA (Sort Weights),16.962568186093176,83.03743181390682,0.9186904477534337,8.955295002821499
43,128,Raw PCA,9.397078186720169,90.60292181327983,0.9666471328579358,0.0
43,128,Raw XPCA (Min-Max),10.298200514138816,89.70179948586119,0.958535725307344,0.9011223274186477
43,128,Gabor + PCA,7.3331243338140295,92.66687566618597,0.9743987765881797,0.0
43,128,Gabor + XPCA (Min-Max),8.090162392626496,91.9098376073735,0.9723449030369667,0.7570380588124666
43,128,Gabor + XPCA (Softmax),9.482976989152924,90.51702301084707,0.9659956110100946,2.1498526553388944
43,128,Gabor + XPCA (Residual),6.42610821995109,93.57389178004891,0.9792230980151672,-0.9070161138629391
43,128,Gabor + XPCA (Sort),6.310865885008463,93.68913411499153,0.9796665860234375,-1.0222584488055668
43,128,Gabor + XPCA (Sort Weights),17.054360774970217,82.94563922502978,0.9188935891691352,9.721236441156186
43,256,Raw PCA,9.072794532572573,90.92720546742743,0.9665332295472306,0.0
43,256,Raw XPCA (Min-Max),9.856668129663301,90.1433318703367,0.9620656354324529,0.7838735970907287
43,256,Gabor + PCA,7.122578218070097,92.8774217819299,0.9763347462720349,0.0
43,256,Gabor + XPCA (Min-Max),7.891780048905886,92.10821995109411,0.9734468887872778,0.7692018308357893
43,256,Gabor + XPCA (Softmax),9.272180073985828,90.72781992601418,0.9664644762497535,2.149601855915731
43,256,Gabor + XPCA (Residual),5.513072919932287,94.48692708006772,0.9815317837803119,-1.60950529813781
43,256,Gabor + XPCA (Sort),5.565615399084585,94.43438460091541,0.9818993615319562,-1.5569628189855118
43,256,Gabor + XPCA (Sort Weights),17.049470186218574,82.95052981378143,0.9189703081009744,9.926891968148478
43,512,Raw PCA,8.975985955232302,91.0240140447677,0.9665203421271156,0.0
43,512,Raw XPCA (Min-Max),9.737162204526928,90.26283779547308,0.9633283554745384,0.7611762492946266
43,512,Gabor + PCA,6.612577591071537,93.38742240892847,0.9779936107317684,0.0
43,512,Gabor + XPCA (Min-Max),7.596714527556585,92.40328547244341,0.974510645365028,0.9841369364850472
43,512,Gabor + XPCA (Softmax),9.187284469245718,90.81271553075429,0.9668234791079495,2.5747068781741804
43,512,Gabor + XPCA (Residual),4.9746065584049175,95.02539344159509,0.9839089414582152,-1.63797103266662
43,512,Gabor + XPCA (Sort),4.824628503354445,95.17537149664555,0.9842991290837104,-1.7879490877170925
43,512,Gabor + XPCA (Sort Weights),17.0512257821807,82.9487742178193,0.9189844079222032,10.438648191109163
43,1024,Raw PCA,9.160198131544297,90.83980186845571,0.9663967481713818,0.0
43,1024,Raw XPCA (Min-Max),9.73766380337325,90.26233619662675,0.9643886277754243,0.5774656718289535
43,1024,Gabor + PCA,6.429995611010092,93.5700043889899,0.9786549198741721,0.0
43,1024,Gabor + XPCA (Min-Max),7.10263966392877,92.89736033607123,0.9763143458799314,0.6726440529186775
43,1024,Gabor + XPCA (Softmax),9.247225531381275,90.75277446861872,0.9669780376168549,2.817229920371183
43,1024,Gabor + XPCA (Residual),4.687942817731521,95.31205718226849,0.9846991480465936,-1.742052793278571
43,1024,Gabor + XPCA (Sort),4.501222647187913,95.4987773528121,0.9850376905655067,-1.9287729638221789
43,1024,Gabor + XPCA (Sort Weights),17.051601981315446,82.94839801868456,0.918984198718782,10.621606370305354
44,32,Raw PCA,10.248918427487617,89.75108157251238,0.958738952361873,0.0
44,32,Raw XPCA (Min-Max),14.362781365602862,85.63721863439714,0.933555209669847,4.113862938115245
44,32,Gabor + PCA,8.78500219449495,91.21499780550505,0.9658231099434325,0.0
44,32,Gabor + XPCA (Min-Max),9.387297009216876,90.61270299078312,0.9654094817474603,0.602294814721926
44,32,Gabor + XPCA (Softmax),10.420841432064707,89.5791585679353,0.9602444376816957,1.6358392375697566
44,32,Gabor + XPCA (Residual),8.125525111292243,91.87447488870775,0.9701845681891517,-0.6594770832027077
44,32,Gabor + XPCA (Sort),7.612264091792587,92.38773590820742,0.971696524134092,-1.1727381027023638
44,32,Gabor + XPCA (Sort Weights),16.48366668756662,83.51633331243337,0.9147537385171332,7.698664493071668
44,64,Raw PCA,9.74481158693335,90.25518841306666,0.9622662456090986,0.0
44,64,Raw XPCA (Min-Max),12.00213179509687,87.99786820490313,0.94989465261986,2.25732020816352
44,64,Gabor + PCA,8.275001567496393,91.72499843250361,0.9693597268121404,0.0
44,64,Gabor + XPCA (Min-Max),8.591510439525987,91.40848956047401,0.9677442702272028,0.3165088720295941
44,64,Gabor + XPCA (Softmax),10.177440591886638,89.82255940811336,0.9614923030574591,1.9024390243902456
44,64,Gabor + XPCA (Residual),7.148159759232551,92.85184024076744,0.973399569664892,-1.1268418082638414
44,64,Gabor + XPCA (Sort),6.937237444353875,93.06276255564613,0.9727784985372583,-1.3377641231425175
44,64,Gabor + XPCA (Sort Weights),16.47037431813907,83.52962568186094,0.9154021639096572,8.195372750642676
44,128,Raw PCA,9.350554893723743,90.64944510627626,0.9632655834374506,0.0
44,128,Raw XPCA (Min-Max),10.911530503479842,89.08846949652016,0.9580323769821184,1.560975609756099
44,128,Gabor + PCA,7.918991786318889,92.08100821368112,0.971646947816898,0.0
44,128,Gabor + XPCA (Min-Max),8.41983823437206,91.58016176562795,0.9694269116956639,0.5008464480531707
44,128,Gabor + XPCA (Softmax),9.982694839801868,90.01730516019813,0.9620452656256451,2.0637030534829783
44,128,Gabor + XPCA (Residual),6.657721487240577,93.34227851275942,0.975599489225565,-1.261270299078312
44,128,Gabor + XPCA (Sort),6.430497209856415,93.56950279014359,0.9753852991777143,-1.4884945764624744
44,128,Gabor + XPCA (Sort Weights),16.39275189667064,83.60724810332935,0.9159142681932806,8.47376011035175
44,256,Raw PCA,9.272430873408991,90.727569126591,0.9637483307310344,0.0
44,256,Raw XPCA (Min-Max),10.388488306476894,89.6115116935231,0.9604443994500765,1.116057433067903
44,256,Gabor + PCA,7.127092607687,92.872907392313,0.9735842485728137,0.0
44,256,Gabor + XPCA (Min-Max),8.4954542604552,91.50454573954481,0.9699834564136598,1.3683616527681997
44,256,Gabor + XPCA (Softmax),9.90394382092921,90.0960561790708,0.9625062031567085,2.776851213242211
44,256,Gabor + XPCA (Residual),5.942065333249737,94.05793466675027,0.9778496371819321,-1.185027274437263
44,256,Gabor + XPCA (Sort),5.7389178004890615,94.26108219951094,0.9779766469034682,-1.388174807197938
44,256,Gabor + XPCA (Sort Weights),16.398896482538092,83.60110351746191,0.9159903521743852,9.271803874851091
44,512,Raw PCA,9.360586870650197,90.6394131293498,0.9637735538125336,0.0
44,512,Raw XPCA (Min-Max),10.03247852529939,89.9675214747006,0.9614914099668302,0.671891654649194
44,512,Gabor + PCA,6.512508621230167,93.48749137876983,0.9754770257023531,0.0
44,512,Gabor + XPCA (Min-Max),7.919744184588373,92.08025581541163,0.9714903033908387,1.4072355633582054
44,512,Gabor + XPCA (Softmax),9.956235500658348,90.04376449934165,0.9628276643997865,3.443726879428181
44,512,Gabor + XPCA (Residual),4.961063389554206,95.03893661044579,0.9807959260386384,-1.5514452316759613
44,512,Gabor + XPCA (Sort),5.051852780738606,94.94814721926139,0.9808733068362723,-1.4606558404915608
44,512,Gabor + XPCA (Sort Weights),16.38698350993793,83.61301649006208,0.9160071961083269,9.874474888707763
44,1024,Raw PCA,9.388425606621103,90.6115743933789,0.9636218996832893,0.0
44,1024,Raw XPCA (Min-Max),10.065960248291429,89.93403975170857,0.9622704688267023,0.6775346416703254
44,1024,Gabor + PCA,6.472631512947517,93.52736848705248,0.9760801873043496,0.0
44,1024,Gabor + XPCA (Min-Max),7.211110414446045,92.78888958555396,0.9731674908894049,0.738478901498528
44,1024,Gabor + XPCA (Softmax),9.94382092921186,90.05617907078813,0.9629546985895591,3.471189416264343
44,1024,Gabor + XPCA (Residual),5.029406232365668,94.97059376763434,0.9813683261738254,-1.4432252805818493
44,1024,Gabor + XPCA (Sort),4.972600163019628,95.02739983698038,0.9814279320211222,-1.5000313499278892
44,1024,Gabor + XPCA (Sort Weights),16.400652078500222,83.59934792149978,0.916007161852796,9.928020565552705
45,32,Raw PCA,10.456454950153613,89.54354504984639,0.9569242521512933,0.0
45,32,Raw XPCA (Min-Max),15.503918740986897,84.4960812590131,0.9248365946943689,5.047463790833284
45,32,Gabor + PCA,8.874035989717221,91.12596401028277,0.9646689346682796,0.0
45,32,Gabor + XPCA (Min-Max),8.696344598407421,91.30365540159258,0.9660761139546941,-0.17769139130979994
45,32,Gabor + XPCA (Softmax),9.546303843501159,90.45369615649884,0.961299459099049,0.6722678537839375
45,32,Gabor + XPCA (Residual),7.611260894099941,92.38873910590006,0.9701989261502748,-1.2627750956172799
45,32,Gabor + XPCA (Sort),7.330240140447675,92.66975985955233,0.9704712747492388,-1.5437958492695465
45,32,Gabor + XPCA (Sort Weights),16.585115054235377,83.41488494576463,0.914037131160452,7.711079064518156
45,64,Raw PCA,9.831086588500845,90.16891341149915,0.9612403988934239,0.0
45,64,Raw XPCA (Min-Max),13.275189667063767,86.72481033293623,0.9401826199058279,3.4441030785629216
45,64,Gabor + PCA,8.022446548372937,91.97755345162706,0.9676900045725015,0.0
45,64,Gabor + XPCA (Min-Max),8.497836854975233,91.50216314502477,0.9672749180696397,0.4753903066022964
45,64,Gabor + XPCA (Softmax),9.279077058122764,90.72092294187723,0.9623532595514055,1.2566305097498276
45,64,Gabor + XPCA (Residual),7.233556962818982,92.76644303718102,0.9731053758244647,-0.7888895855539548
45,64,Gabor + XPCA (Sort),6.819612514891213,93.18038748510878,0.9744707792674515,-1.2028340334817242
45,64,Gabor + XPCA (Sort Weights),16.48943507429933,83.51056492570066,0.9148090147099979,8.466988525926393
45,128,Raw PCA,9.487115179635087,90.51288482036492,0.9622530241975567,0.0
45,128,Raw XPCA (Min-Max),11.70129788701486,88.29870211298514,0.9519858108697081,2.2141827073797735
45,128,Gabor + PCA,7.513449119067024,92.48655088093297,0.9706553015786601,0.0
45,128,Gabor + XPCA (Min-Max),8.480406295065519,91.51959370493448,0.9677337366514301,0.9669571759984947
45,128,Gabor + XPCA (Softmax),9.160072731832717,90.83992726816729,0.9630052793278575,1.6466236127656924
45,128,Gabor + XPCA (Residual),6.4065458649445075,93.59345413505548,0.9769039618662536,-1.1069032541225168
45,128,Gabor + XPCA (Sort),6.134428490814474,93.86557150918553,0.9771595766383396,-1.3790206282525501
45,128,Gabor + XPCA (Sort Weights),16.492570067088845,83.50742993291117,0.9150059509809467,8.979120948021821
45,256,Raw PCA,9.667941563734402,90.3320584362656,0.9621739783364351,0.0
45,256,Raw XPCA (Min-Max),10.818609317198568,89.18139068280144,0.9554080362863946,1.150667753464166
45,256,Gabor + PCA,7.532384475515705,92.46761552448429,0.9725284931083682,0.0
45,256,Gabor + XPCA (Min-Max),8.307229293372624,91.69277070662739,0.9683595117975131,0.7748448178569189
45,256,Gabor + XPCA (Softmax),9.093610884694964,90.90638911530505,0.9634860459177041,1.5612264091792598
45,256,Gabor + XPCA (Residual),5.642360022571951,94.35763997742805,0.9791355017288337,-1.890024452943754
45,256,Gabor + XPCA (Sort),5.584676155244845,94.41532384475515,0.9797622825194332,-1.9477083202708592
45,256,Gabor + XPCA (Sort Weights),16.49081447112672,83.50918552887327,0.9150813645323738,8.958429995611013
45,512,Raw PCA,9.656530189980561,90.34346981001944,0.9620878525911098,0.0
45,512,Raw XPCA (Min-Max),10.726816728321523,89.27318327167848,0.9570948324613974,1.0702865383409623
45,512,Gabor + PCA,7.128221205091226,92.87177879490878,0.9740579120336317,0.0
45,512,Gabor + XPCA (Min-Max),8.099943570129787,91.90005642987022,0.969919562507933,0.9717223650385609
45,512,Gabor + XPCA (Softmax),9.268543482349989,90.73145651765002,0.9638286746320971,2.140322277258763
45,512,Gabor + XPCA (Residual),5.072042134303094,94.92795786569691,0.9814101130279597,-2.056179070788132
45,512,Gabor + XPCA (Sort),4.793654774594021,95.20634522540597,0.9820636302604796,-2.3345664304972047
45,512,Gabor + XPCA (Sort Weights),16.49081447112672,83.50918552887327,0.9149638374758569,9.362593266035493
45,1024,Raw PCA,9.747946579722866,90.25205342027714,0.9619957052128049,0.0
45,1024,Raw XPCA (Min-Max),10.543482349990594,89.4565176500094,0.9582483042747537,0.7955357702677279
45,1024,Gabor + PCA,6.911781302903,93.088218697097,0.9748273010464759,0.0
45,1024,Gabor + XPCA (Min-Max),7.314439776788512,92.68556022321148,0.9717336913851927,0.4026584738855119
45,1024,Gabor + XPCA (Softmax),9.184024076744622,90.81597592325538,0.9639920784084636,2.272242773841622
45,1024,Gabor + XPCA (Residual),4.758041256505112,95.24195874349489,0.9826809785459445,-2.153740046397888
45,1024,Gabor + XPCA (Sort),4.696595397830587,95.30340460216942,0.9833349692388391,-2.2151859050724125
45,1024,Gabor + XPCA (Sort Weights),16.49144146968462,83.50855853031538,0.9149638423695039,9.57966016678162
46,32,Raw PCA,11.047087591698538,88.95291240830147,0.9559356509850759,0.0
46,32,Raw XPCA (Min-Max),15.258511505423538,84.74148849457646,0.9295555730231577,4.211423913725
46,32,Gabor + PCA,8.792902376324532,91.20709762367547,0.9641079244971394,0.0
46,32,Gabor + XPCA (Min-Max),9.078813718728446,90.92118628127155,0.9635144241782878,0.2859113424039137
46,32,Gabor + XPCA (Softmax),10.418082638409931,89.58191736159007,0.9561931020983043,1.625180262085399
46,32,Gabor + XPCA (Residual),7.792714276757162,92.20728572324283,0.9693076902137758,-1.00018809956737
46,32,Gabor + XPCA (Sort),7.122202018935354,92.87779798106465,0.9708320637886922,-1.6707003573891779
46,32,Gabor + XPCA (Sort Weights),17.068907141513577,82.93109285848642,0.9104796282051477,8.276004765189045
46,64,Raw PCA,9.955733901812025,90.04426609818798,0.9603954201578506,0.0
46,64,Raw XPCA (Min-Max),12.680418835036678,87.31958116496332,0.9454945614756792,2.724684933224653
46,64,Gabor + PCA,7.916107592952534,92.08389240704746,0.9682521610805173,0.0
46,64,Gabor + XPCA (Min-Max),8.934854849833844,91.06514515016616,0.9652002979007782,1.0187472568813094
46,64,Gabor + XPCA (Softmax),9.991974418458836,90.00802558154116,0.9573441955990818,2.075866825506302
46,64,Gabor + XPCA (Residual),6.7783560097811755,93.22164399021882,0.9735784814094928,-1.137751583171359
46,64,Gabor + XPCA (Sort),6.74738228102075,93.25261771897925,0.9742012139303787,-1.1687253119317846
46,64,Gabor + XPCA (Sort Weights),17.070286538340962,82.92971346165903,0.9109725530616646,9.154178945388427
46,128,Raw PCA,9.740924195874348,90.25907580412566,0.961486707171793,0.0
46,128,Raw XPCA (Min-Max),10.49708445670575,89.50291554329425,0.9543825896263854,0.7561602608314022
46,128,Gabor + PCA,7.6021067151545525,92.39789328484545,0.9709857597922646,0.0
46,128,Gabor + XPCA (Min-Max),8.525675590946138,91.47432440905386,0.9666613085306978,0.9235688757915854
46,128,Gabor + XPCA (Softmax),9.936422346228602,90.0635776537714,0.957974326091245,2.334315631074049
46,128,Gabor + XPCA (Residual),6.353125587811145,93.64687441218885,0.9765255336751749,-1.2489811273434075
46,128,Gabor + XPCA (Sort),6.219700294689325,93.78029970531068,0.9760261112784806,-1.3824064204652275
46,128,Gabor + XPCA (Sort Weights),16.97874474888708,83.02125525111292,0.9113416649717315,9.37663803373253
46,256,Raw PCA,9.846134553890524,90.15386544610948,0.9615705414667791,0.0
46,256,Raw XPCA (Min-Max),10.031349927895164,89.96865007210484,0.9570686074056176,0.18521537400464005
46,256,Gabor + PCA,7.207975421656528,92.79202457834347,0.9726578897063658,0.0
46,256,Gabor + XPCA (Min-Max),8.247162831525486,91.75283716847451,0.9676019678579131,1.0391874098689584
46,256,Gabor + XPCA (Softmax),9.778293309925386,90.22170669007461,0.9584365066087177,2.5703178882688587
46,256,Gabor + XPCA (Residual),5.785064894350746,94.21493510564926,0.9780051572925285,-1.422910527305782
46,256,Gabor + XPCA (Sort),5.653144397767887,94.34685560223211,0.9780951380084997,-1.5548310238886405
46,256,Gabor + XPCA (Sort Weights),16.975735155809144,83.02426484419085,0.9114249413909276,9.767759734152616
46,512,Raw PCA,9.768888331556836,90.23111166844316,0.961426224138221,0.0
46,512,Raw XPCA (Min-Max),9.69176750893473,90.30823249106528,0.9582182328122109,-0.07712082262210629
46,512,Gabor + PCA,6.920810082136808,93.07918991786319,0.9741494574933209,0.0
46,512,Gabor + XPCA (Min-Max),7.910213806508243,92.08978619349175,0.9689543468586608,0.9894037243714351
46,512,Gabor + XPCA (Softmax),9.921248981127343,90.07875101887267,0.958746761399522,3.0004388989905353
46,512,Gabor + XPCA (Residual),5.061633958241899,94.9383660417581,0.9802038509945573,-1.8591761238949092
46,512,Gabor + XPCA (Sort),5.008589880243278,94.99141011975672,0.9807629612071405,-1.91222020189353
46,512,Gabor + XPCA (Sort Weights),16.978368549752336,83.02163145024765,0.9114388320087351,10.057558467615529
46,1024,Raw PCA,9.782055301272806,90.2179446987272,0.9613668507391702,0.0
46,1024,Raw XPCA (Min-Max),9.762618345977803,90.2373816540222,0.959117773268146,-0.01943695529500289
46,1024,Gabor + PCA,6.639914728196122,93.36008527180388,0.9748835535219733,0.0
46,1024,Gabor + XPCA (Min-Max),7.606871904194618,92.39312809580538,0.9711124453096686,0.9669571759984956
46,1024,Gabor + XPCA (Softmax),9.851025142642172,90.14897485735783,0.9588823668125075,3.2111104144460496
46,1024,Gabor + XPCA (Residual),5.242836541475956,94.75716345852405,0.9815674853840519,-1.397078186720166
46,1024,Gabor + XPCA (Sort),5.272807072543735,94.72719292745626,0.9821185883662711,-1.3671076556523873
46,1024,Gabor + XPCA (Sort Weights),16.977490751771274,83.02250924822873,0.9114387047739058,10.337576023575153
