class,filename
0,001_5.bmp
0,001_1.bmp
0,001_3.bmp
1,001_3.bmp
1,001_5.bmp
1,001_4.bmp
2,002_3.bmp
2,002_6.bmp
2,002_5.bmp
3,002_3.bmp
3,002_5.bmp
3,002_1.bmp
4,003_2.bmp
4,003_5.bmp
4,003_3.bmp
5,003_3.bmp
5,003_4.bmp
5,003_1.bmp
6,004_3.bmp
6,004_1.bmp
6,004_5.bmp
7,004_4.bmp
7,004_1.bmp
7,004_2.bmp
8,005_4.bmp
8,005_6.bmp
8,005_3.bmp
9,005_4.bmp
9,005_3.bmp
9,005_5.bmp
10,006_4.bmp
10,006_2.bmp
10,006_5.bmp
11,006_2.bmp
11,006_4.bmp
11,006_3.bmp
12,007_1.bmp
12,007_3.bmp
12,007_6.bmp
13,007_5.bmp
13,007_1.bmp
13,007_4.bmp
14,008_4.bmp
14,008_3.bmp
14,008_5.bmp
15,008_1.bmp
15,008_4.bmp
15,008_2.bmp
16,009_2.bmp
16,009_1.bmp
16,009_5.bmp
17,009_1.bmp
17,009_3.bmp
17,009_2.bmp
18,010_5.bmp
18,010_3.bmp
18,010_2.bmp
19,010_1.bmp
19,010_5.bmp
19,010_2.bmp
20,011_1.bmp
20,011_2.bmp
20,011_4.bmp
21,011_2.bmp
21,011_3.bmp
21,011_6.bmp
22,012_6.bmp
22,012_3.bmp
22,012_4.bmp
23,012_6.bmp
23,012_3.bmp
23,012_2.bmp
24,013_2.bmp
24,013_3.bmp
24,013_4.bmp
25,013_1.bmp
25,013_4.bmp
25,013_6.bmp
26,014_2.bmp
26,014_1.bmp
26,014_3.bmp
27,014_2.bmp
27,014_5.bmp
27,014_4.bmp
28,015_1.bmp
28,015_4.bmp
28,015_6.bmp
29,015_1.bmp
29,015_5.bmp
29,015_2.bmp
30,016_3.bmp
30,016_2.bmp
30,016_5.bmp
31,016_3.bmp
31,016_1.bmp
31,016_2.bmp
32,017_5.bmp
32,017_2.bmp
32,017_1.bmp
33,017_3.bmp
33,017_1.bmp
33,017_2.bmp
34,018_4.bmp
34,018_2.bmp
34,018_6.bmp
35,018_1.bmp
35,018_2.bmp
35,018_5.bmp
36,019_4.bmp
36,019_6.bmp
36,019_2.bmp
37,019_6.bmp
37,019_1.bmp
37,019_3.bmp
38,020_3.bmp
38,020_2.bmp
38,020_1.bmp
39,020_4.bmp
39,020_2.bmp
39,020_6.bmp
40,021_2.bmp
40,021_1.bmp
40,021_3.bmp
41,021_4.bmp
41,021_3.bmp
41,021_6.bmp
42,022_6.bmp
42,022_2.bmp
42,022_5.bmp
43,022_4.bmp
43,022_1.bmp
43,022_3.bmp
44,023_6.bmp
44,023_3.bmp
44,023_1.bmp
45,023_5.bmp
45,023_1.bmp
45,023_2.bmp
46,024_6.bmp
46,024_1.bmp
46,024_3.bmp
47,024_3.bmp
47,024_5.bmp
47,024_4.bmp
48,025_5.bmp
48,025_3.bmp
48,025_4.bmp
49,025_3.bmp
49,025_5.bmp
49,025_4.bmp
50,026_2.bmp
50,026_1.bmp
50,026_4.bmp
51,026_5.bmp
51,026_3.bmp
51,026_4.bmp
52,027_5.bmp
52,027_2.bmp
52,027_6.bmp
53,027_5.bmp
53,027_3.bmp
53,027_1.bmp
54,028_5.bmp
54,028_4.bmp
54,028_2.bmp
55,028_1.bmp
55,028_6.bmp
55,028_5.bmp
56,029_2.bmp
56,029_3.bmp
56,029_1.bmp
57,029_3.bmp
57,029_1.bmp
57,029_5.bmp
58,030_3.bmp
58,030_4.bmp
58,030_5.bmp
59,030_5.bmp
59,030_1.bmp
59,030_6.bmp
60,031_5.bmp
60,031_4.bmp
60,031_1.bmp
61,031_1.bmp
61,031_6.bmp
61,031_5.bmp
62,032_4.bmp
62,032_6.bmp
62,032_3.bmp
63,032_5.bmp
63,032_3.bmp
63,032_1.bmp
64,033_3.bmp
64,033_5.bmp
64,033_2.bmp
65,033_2.bmp
65,033_1.bmp
65,033_6.bmp
66,034_5.bmp
66,034_3.bmp
66,034_4.bmp
67,034_6.bmp
67,034_5.bmp
67,034_2.bmp
68,035_2.bmp
68,035_1.bmp
68,035_5.bmp
69,035_1.bmp
69,035_4.bmp
69,035_2.bmp
70,036_6.bmp
70,036_5.bmp
70,036_3.bmp
71,036_4.bmp
71,036_5.bmp
71,036_6.bmp
72,037_3.bmp
72,037_4.bmp
72,037_5.bmp
73,037_5.bmp
73,037_3.bmp
73,037_2.bmp
74,038_2.bmp
74,038_3.bmp
74,038_4.bmp
75,038_5.bmp
75,038_3.bmp
75,038_6.bmp
76,039_5.bmp
76,039_6.bmp
76,039_1.bmp
77,039_3.bmp
77,039_1.bmp
77,039_5.bmp
78,040_5.bmp
78,040_1.bmp
78,040_2.bmp
79,040_2.bmp
79,040_5.bmp
79,040_1.bmp
80,041_2.bmp
80,041_1.bmp
80,041_6.bmp
81,041_6.bmp
81,041_4.bmp
81,041_5.bmp
82,042_6.bmp
82,042_1.bmp
82,042_2.bmp
83,042_1.bmp
83,042_6.bmp
83,042_3.bmp
84,043_4.bmp
84,043_5.bmp
84,043_1.bmp
85,043_3.bmp
85,043_2.bmp
85,043_5.bmp
86,044_4.bmp
86,044_2.bmp
86,044_1.bmp
87,044_3.bmp
87,044_4.bmp
87,044_2.bmp
88,045_5.bmp
88,045_4.bmp
88,045_1.bmp
89,045_2.bmp
89,045_4.bmp
89,045_6.bmp
90,046_4.bmp
90,046_1.bmp
90,046_2.bmp
91,046_5.bmp
91,046_3.bmp
91,046_6.bmp
92,047_4.bmp
92,047_5.bmp
92,047_3.bmp
93,047_1.bmp
93,047_5.bmp
93,047_6.bmp
94,048_1.bmp
94,048_4.bmp
94,048_3.bmp
95,048_4.bmp
95,048_6.bmp
95,048_2.bmp
96,049_5.bmp
96,049_2.bmp
96,049_4.bmp
97,049_2.bmp
97,049_3.bmp
97,049_5.bmp
98,050_1.bmp
98,050_4.bmp
98,050_5.bmp
99,050_3.bmp
99,050_2.bmp
99,050_5.bmp
100,051_2.bmp
100,051_1.bmp
100,051_6.bmp
101,051_3.bmp
101,051_6.bmp
101,051_1.bmp
102,052_1.bmp
102,052_6.bmp
102,052_5.bmp
103,052_1.bmp
103,052_4.bmp
103,052_3.bmp
104,053_5.bmp
104,053_2.bmp
104,053_1.bmp
105,053_1.bmp
105,053_6.bmp
105,053_2.bmp
106,054_1.bmp
106,054_4.bmp
106,054_3.bmp
107,054_1.bmp
107,054_5.bmp
107,054_2.bmp
108,055_2.bmp
108,055_6.bmp
108,055_5.bmp
109,055_6.bmp
109,055_1.bmp
109,055_2.bmp
110,056_6.bmp
110,056_2.bmp
110,056_1.bmp
111,056_4.bmp
111,056_3.bmp
111,056_6.bmp
112,057_6.bmp
112,057_1.bmp
112,057_4.bmp
113,057_4.bmp
113,057_2.bmp
113,057_6.bmp
114,058_1.bmp
114,058_2.bmp
114,058_4.bmp
115,058_5.bmp
115,058_6.bmp
115,058_3.bmp
116,059_1.bmp
116,059_4.bmp
116,059_2.bmp
117,059_2.bmp
117,059_4.bmp
117,059_1.bmp
118,060_5.bmp
118,060_6.bmp
118,060_2.bmp
119,060_4.bmp
119,060_1.bmp
119,060_6.bmp
120,061_2.bmp
120,061_3.bmp
120,061_5.bmp
121,061_5.bmp
121,061_3.bmp
121,061_4.bmp
122,062_5.bmp
122,062_1.bmp
122,062_3.bmp
123,062_3.bmp
123,062_2.bmp
123,062_1.bmp
124,063_5.bmp
124,063_4.bmp
124,063_2.bmp
125,063_4.bmp
125,063_3.bmp
125,063_1.bmp
126,064_3.bmp
126,064_4.bmp
126,064_1.bmp
127,064_2.bmp
127,064_1.bmp
127,064_5.bmp
128,065_2.bmp
128,065_4.bmp
128,065_5.bmp
129,065_3.bmp
129,065_6.bmp
129,065_1.bmp
130,066_5.bmp
130,066_4.bmp
130,066_3.bmp
131,066_4.bmp
131,066_3.bmp
131,066_5.bmp
132,067_5.bmp
132,067_3.bmp
132,067_2.bmp
133,067_2.bmp
133,067_5.bmp
133,067_1.bmp
134,068_2.bmp
134,068_6.bmp
134,068_3.bmp
135,068_2.bmp
135,068_3.bmp
135,068_4.bmp
136,069_6.bmp
136,069_2.bmp
136,069_4.bmp
137,069_4.bmp
137,069_2.bmp
137,069_5.bmp
138,070_1.bmp
138,070_4.bmp
138,070_2.bmp
139,070_6.bmp
139,070_3.bmp
139,070_2.bmp
140,071_1.bmp
140,071_3.bmp
140,071_2.bmp
141,071_4.bmp
141,071_3.bmp
141,071_1.bmp
142,072_5.bmp
142,072_2.bmp
142,072_3.bmp
143,072_3.bmp
143,072_2.bmp
143,072_4.bmp
144,073_3.bmp
144,073_1.bmp
144,073_4.bmp
145,073_5.bmp
145,073_1.bmp
145,073_3.bmp
146,074_4.bmp
146,074_3.bmp
146,074_5.bmp
147,074_5.bmp
147,074_6.bmp
147,074_3.bmp
148,075_5.bmp
148,075_6.bmp
148,075_4.bmp
149,075_3.bmp
149,075_4.bmp
149,075_1.bmp
150,076_5.bmp
150,076_6.bmp
150,076_1.bmp
151,076_2.bmp
151,076_4.bmp
151,076_1.bmp
152,077_4.bmp
152,077_3.bmp
152,077_1.bmp
153,077_2.bmp
153,077_3.bmp
153,077_5.bmp
154,078_1.bmp
154,078_5.bmp
154,078_4.bmp
155,078_5.bmp
155,078_1.bmp
155,078_4.bmp
156,079_2.bmp
156,079_1.bmp
156,079_5.bmp
157,079_5.bmp
157,079_2.bmp
157,079_4.bmp
158,080_4.bmp
158,080_1.bmp
158,080_3.bmp
159,080_1.bmp
159,080_5.bmp
159,080_2.bmp
160,081_1.bmp
160,081_2.bmp
160,081_6.bmp
161,081_5.bmp
161,081_4.bmp
161,081_1.bmp
162,082_3.bmp
162,082_5.bmp
162,082_4.bmp
163,082_2.bmp
163,082_1.bmp
163,082_3.bmp
164,083_1.bmp
164,083_4.bmp
164,083_5.bmp
165,083_1.bmp
165,083_2.bmp
165,083_5.bmp
166,084_2.bmp
166,084_5.bmp
166,084_4.bmp
167,084_5.bmp
167,084_4.bmp
167,084_3.bmp
168,085_3.bmp
168,085_5.bmp
168,085_2.bmp
169,085_4.bmp
169,085_5.bmp
169,085_2.bmp
170,086_2.bmp
170,086_3.bmp
170,086_1.bmp
171,086_2.bmp
171,086_4.bmp
171,086_3.bmp
172,087_3.bmp
172,087_2.bmp
172,087_1.bmp
173,087_5.bmp
173,087_2.bmp
173,087_3.bmp
174,088_2.bmp
174,088_4.bmp
174,088_3.bmp
175,088_4.bmp
175,088_6.bmp
175,088_5.bmp
176,089_5.bmp
176,089_4.bmp
176,089_6.bmp
177,089_3.bmp
177,089_1.bmp
177,089_2.bmp
178,090_4.bmp
178,090_5.bmp
178,090_2.bmp
179,090_5.bmp
179,090_2.bmp
179,090_1.bmp
180,091_5.bmp
180,091_3.bmp
180,091_2.bmp
181,091_5.bmp
181,091_3.bmp
181,091_1.bmp
182,092_4.bmp
182,092_2.bmp
182,092_3.bmp
183,092_1.bmp
183,092_4.bmp
183,092_3.bmp
184,093_1.bmp
184,093_5.bmp
184,093_3.bmp
185,093_5.bmp
185,093_3.bmp
185,093_2.bmp
186,094_3.bmp
186,094_2.bmp
186,094_4.bmp
187,094_5.bmp
187,094_2.bmp
187,094_3.bmp
188,095_3.bmp
188,095_4.bmp
188,095_5.bmp
189,095_4.bmp
189,095_5.bmp
189,095_3.bmp
190,096_1.bmp
190,096_3.bmp
190,096_4.bmp
191,096_3.bmp
191,096_4.bmp
191,096_2.bmp
192,097_4.bmp
192,097_1.bmp
192,097_5.bmp
193,097_2.bmp
193,097_1.bmp
193,097_5.bmp
194,098_2.bmp
194,098_1.bmp
194,098_3.bmp
195,098_2.bmp
195,098_1.bmp
195,098_5.bmp
196,099_1.bmp
196,099_3.bmp
196,099_2.bmp
197,099_4.bmp
197,099_1.bmp
197,099_2.bmp
198,100_5.bmp
198,100_3.bmp
198,100_1.bmp
199,100_4.bmp
199,100_3.bmp
199,100_2.bmp
200,101_3.bmp
200,101_1.bmp
200,101_4.bmp
201,101_5.bmp
201,101_3.bmp
201,101_1.bmp
202,102_5.bmp
202,102_1.bmp
202,102_3.bmp
203,102_3.bmp
203,102_1.bmp
203,102_2.bmp
204,103_6.bmp
204,103_3.bmp
204,103_1.bmp
205,103_3.bmp
205,103_5.bmp
205,103_2.bmp
206,104_3.bmp
206,104_2.bmp
206,104_5.bmp
207,104_1.bmp
207,104_4.bmp
207,104_5.bmp
208,105_4.bmp
208,105_1.bmp
208,105_3.bmp
209,105_3.bmp
209,105_2.bmp
209,105_5.bmp
210,106_1.bmp
210,106_5.bmp
210,106_3.bmp
211,106_2.bmp
211,106_4.bmp
211,106_1.bmp
212,107_6.bmp
212,107_3.bmp
212,107_4.bmp
213,107_4.bmp
213,107_1.bmp
213,107_5.bmp
214,108_4.bmp
214,108_1.bmp
214,108_5.bmp
215,108_4.bmp
215,108_5.bmp
215,108_1.bmp
216,109_5.bmp
216,109_3.bmp
216,109_6.bmp
217,109_5.bmp
217,109_2.bmp
217,109_4.bmp
218,110_6.bmp
218,110_2.bmp
218,110_3.bmp
219,110_1.bmp
219,110_2.bmp
219,110_3.bmp
220,111_1.bmp
220,111_4.bmp
220,111_3.bmp
221,111_1.bmp
221,111_4.bmp
221,111_2.bmp
222,112_1.bmp
222,112_3.bmp
222,112_6.bmp
223,112_4.bmp
223,112_1.bmp
223,112_5.bmp
224,113_4.bmp
224,113_2.bmp
224,113_3.bmp
225,113_3.bmp
225,113_2.bmp
225,113_4.bmp
226,114_4.bmp
226,114_1.bmp
226,114_6.bmp
227,114_1.bmp
227,114_2.bmp
227,114_3.bmp
228,115_4.bmp
228,115_1.bmp
228,115_3.bmp
229,115_6.bmp
229,115_2.bmp
229,115_3.bmp
230,116_1.bmp
230,116_4.bmp
230,116_2.bmp
231,116_6.bmp
231,116_1.bmp
231,116_2.bmp
232,117_3.bmp
232,117_5.bmp
232,117_1.bmp
233,117_4.bmp
233,117_2.bmp
233,117_5.bmp
234,118_4.bmp
234,118_6.bmp
234,118_2.bmp
235,118_5.bmp
235,118_1.bmp
235,118_6.bmp
236,119_3.bmp
236,119_4.bmp
236,119_5.bmp
237,119_4.bmp
237,119_2.bmp
237,119_5.bmp
238,120_4.bmp
238,120_2.bmp
238,120_5.bmp
239,120_2.bmp
239,120_1.bmp
239,120_3.bmp
240,121_3.bmp
240,121_5.bmp
240,121_1.bmp
241,121_1.bmp
241,121_4.bmp
241,121_5.bmp
242,122_5.bmp
242,122_6.bmp
242,122_1.bmp
243,122_3.bmp
243,122_4.bmp
243,122_2.bmp
244,123_6.bmp
244,123_4.bmp
244,123_1.bmp
245,123_3.bmp
245,123_2.bmp
245,123_4.bmp
246,124_5.bmp
246,124_4.bmp
246,124_2.bmp
247,124_3.bmp
247,124_5.bmp
247,124_1.bmp
248,125_1.bmp
248,125_5.bmp
248,125_3.bmp
249,125_3.bmp
249,125_1.bmp
249,125_2.bmp
250,126_2.bmp
250,126_1.bmp
250,126_4.bmp
251,126_6.bmp
251,126_5.bmp
251,126_3.bmp
252,127_3.bmp
252,127_4.bmp
252,127_6.bmp
253,127_2.bmp
253,127_4.bmp
253,127_1.bmp
254,128_3.bmp
254,128_1.bmp
254,128_4.bmp
255,128_2.bmp
255,128_3.bmp
255,128_4.bmp
256,129_4.bmp
256,129_1.bmp
256,129_6.bmp
257,129_4.bmp
257,129_1.bmp
257,129_3.bmp
258,130_6.bmp
258,130_4.bmp
258,130_2.bmp
259,130_5.bmp
259,130_3.bmp
259,130_4.bmp
260,131_5.bmp
260,131_4.bmp
260,131_2.bmp
261,131_5.bmp
261,131_4.bmp
261,131_2.bmp
262,132_2.bmp
262,132_5.bmp
262,132_4.bmp
263,132_1.bmp
263,132_6.bmp
263,132_2.bmp
264,133_4.bmp
264,133_3.bmp
264,133_6.bmp
265,133_3.bmp
265,133_1.bmp
265,133_6.bmp
266,134_3.bmp
266,134_5.bmp
266,134_2.bmp
267,134_1.bmp
267,134_3.bmp
267,134_4.bmp
268,135_4.bmp
268,135_5.bmp
268,135_2.bmp
269,135_4.bmp
269,135_1.bmp
269,135_3.bmp
270,136_6.bmp
270,136_3.bmp
270,136_4.bmp
271,136_1.bmp
271,136_6.bmp
271,136_3.bmp
272,137_5.bmp
272,137_3.bmp
272,137_4.bmp
273,137_1.bmp
273,137_3.bmp
273,137_4.bmp
274,138_5.bmp
274,138_3.bmp
274,138_4.bmp
275,138_3.bmp
275,138_1.bmp
275,138_2.bmp
276,139_2.bmp
276,139_6.bmp
276,139_5.bmp
277,139_2.bmp
277,139_4.bmp
277,139_5.bmp
278,140_1.bmp
278,140_3.bmp
278,140_2.bmp
279,140_4.bmp
279,140_2.bmp
279,140_5.bmp
280,141_3.bmp
280,141_4.bmp
280,141_6.bmp
281,141_5.bmp
281,141_2.bmp
281,141_4.bmp
282,142_1.bmp
282,142_2.bmp
282,142_5.bmp
283,142_5.bmp
283,142_4.bmp
283,142_3.bmp
284,143_5.bmp
284,143_3.bmp
284,143_4.bmp
285,143_4.bmp
285,143_6.bmp
285,143_5.bmp
286,144_2.bmp
286,144_4.bmp
286,144_3.bmp
287,144_5.bmp
287,144_2.bmp
287,144_4.bmp
288,145_3.bmp
288,145_5.bmp
288,145_1.bmp
289,145_3.bmp
289,145_5.bmp
289,145_6.bmp
290,146_4.bmp
290,146_1.bmp
290,146_2.bmp
291,146_4.bmp
291,146_2.bmp
291,146_3.bmp
292,147_2.bmp
292,147_5.bmp
292,147_1.bmp
293,147_3.bmp
293,147_2.bmp
293,147_4.bmp
294,148_2.bmp
294,148_3.bmp
294,148_1.bmp
295,148_3.bmp
295,148_2.bmp
295,148_1.bmp
296,149_1.bmp
296,149_4.bmp
296,149_5.bmp
297,149_1.bmp
297,149_3.bmp
297,149_4.bmp
298,150_3.bmp
298,150_5.bmp
298,150_4.bmp
299,150_3.bmp
299,150_1.bmp
299,150_4.bmp
300,151_1.bmp
300,151_2.bmp
300,151_3.bmp
301,151_1.bmp
301,151_3.bmp
301,151_2.bmp
302,152_5.bmp
302,152_2.bmp
302,152_1.bmp
303,152_3.bmp
303,152_6.bmp
303,152_2.bmp
304,153_1.bmp
304,153_2.bmp
304,153_4.bmp
305,153_4.bmp
305,153_1.bmp
305,153_6.bmp
306,154_1.bmp
306,154_4.bmp
306,154_3.bmp
307,154_6.bmp
307,154_1.bmp
307,154_5.bmp
308,155_5.bmp
308,155_3.bmp
308,155_1.bmp
309,155_1.bmp
309,155_5.bmp
309,155_2.bmp
310,156_5.bmp
310,156_2.bmp
310,156_1.bmp
311,156_5.bmp
311,156_2.bmp
311,156_3.bmp
312,157_4.bmp
312,157_6.bmp
312,157_1.bmp
313,157_2.bmp
313,157_4.bmp
313,157_6.bmp
314,158_6.bmp
314,158_1.bmp
314,158_4.bmp
315,158_4.bmp
315,158_2.bmp
315,158_3.bmp
316,159_2.bmp
316,159_5.bmp
316,159_1.bmp
317,159_4.bmp
317,159_3.bmp
317,159_2.bmp
318,160_4.bmp
318,160_5.bmp
318,160_2.bmp
319,160_5.bmp
319,160_6.bmp
319,160_4.bmp
320,161_3.bmp
320,161_2.bmp
320,161_1.bmp
321,161_1.bmp
321,161_2.bmp
321,161_3.bmp
322,162_4.bmp
322,162_3.bmp
322,162_5.bmp
323,162_1.bmp
323,162_2.bmp
323,162_5.bmp
324,163_1.bmp
324,163_3.bmp
324,163_6.bmp
325,163_4.bmp
325,163_2.bmp
325,163_1.bmp
326,164_4.bmp
326,164_1.bmp
326,164_3.bmp
327,164_3.bmp
327,164_1.bmp
327,164_2.bmp
328,165_1.bmp
328,165_6.bmp
328,165_5.bmp
329,165_3.bmp
329,165_5.bmp
329,165_6.bmp
330,166_6.bmp
330,166_1.bmp
330,166_5.bmp
331,166_5.bmp
331,166_2.bmp
331,166_4.bmp
332,167_4.bmp
332,167_3.bmp
332,167_2.bmp
333,167_4.bmp
333,167_1.bmp
333,167_3.bmp
334,168_5.bmp
334,168_3.bmp
334,168_1.bmp
335,168_1.bmp
335,168_2.bmp
335,168_3.bmp
336,169_5.bmp
336,169_3.bmp
336,169_4.bmp
337,169_4.bmp
337,169_5.bmp
337,169_2.bmp
338,170_3.bmp
338,170_4.bmp
338,170_1.bmp
339,170_4.bmp
339,170_1.bmp
339,170_3.bmp
340,171_3.bmp
340,171_5.bmp
340,171_1.bmp
341,171_5.bmp
341,171_2.bmp
341,171_1.bmp
342,172_5.bmp
342,172_4.bmp
342,172_2.bmp
343,172_4.bmp
343,172_2.bmp
343,172_1.bmp
344,173_2.bmp
344,173_3.bmp
344,173_5.bmp
345,173_4.bmp
345,173_3.bmp
345,173_2.bmp
346,174_1.bmp
346,174_6.bmp
346,174_5.bmp
347,174_2.bmp
347,174_1.bmp
347,174_3.bmp
348,175_2.bmp
348,175_5.bmp
348,175_3.bmp
349,175_5.bmp
349,175_4.bmp
349,175_2.bmp
350,176_5.bmp
350,176_2.bmp
350,176_1.bmp
351,176_6.bmp
351,176_2.bmp
351,176_1.bmp
352,177_4.bmp
352,177_3.bmp
352,177_5.bmp
353,177_3.bmp
353,177_6.bmp
353,177_5.bmp
354,178_3.bmp
354,178_5.bmp
354,178_2.bmp
355,178_4.bmp
355,178_5.bmp
355,178_2.bmp
356,179_4.bmp
356,179_1.bmp
356,179_5.bmp
357,179_6.bmp
357,179_5.bmp
357,179_4.bmp
358,180_2.bmp
358,180_1.bmp
358,180_3.bmp
359,180_3.bmp
359,180_5.bmp
359,180_4.bmp
360,181_2.bmp
360,181_4.bmp
360,181_3.bmp
361,181_1.bmp
361,181_5.bmp
361,181_3.bmp
362,182_2.bmp
362,182_1.bmp
362,182_5.bmp
363,182_1.bmp
363,182_2.bmp
363,182_3.bmp
364,183_3.bmp
364,183_5.bmp
364,183_1.bmp
365,183_3.bmp
365,183_5.bmp
365,183_4.bmp
366,184_3.bmp
366,184_5.bmp
366,184_2.bmp
367,184_5.bmp
367,184_3.bmp
367,184_2.bmp
368,185_2.bmp
368,185_6.bmp
368,185_5.bmp
369,185_5.bmp
369,185_1.bmp
369,185_3.bmp
370,186_5.bmp
370,186_6.bmp
370,186_4.bmp
371,186_1.bmp
371,186_2.bmp
371,186_4.bmp
372,187_6.bmp
372,187_3.bmp
372,187_2.bmp
373,187_4.bmp
373,187_3.bmp
373,187_2.bmp
374,188_4.bmp
374,188_6.bmp
374,188_1.bmp
375,188_1.bmp
375,188_3.bmp
375,188_4.bmp
376,189_6.bmp
376,189_4.bmp
376,189_1.bmp
377,189_4.bmp
377,189_1.bmp
377,189_2.bmp
378,190_5.bmp
378,190_3.bmp
378,190_4.bmp
379,190_5.bmp
379,190_1.bmp
379,190_6.bmp
380,191_3.bmp
380,191_4.bmp
380,191_5.bmp
381,191_4.bmp
381,191_2.bmp
381,191_6.bmp
382,192_1.bmp
382,192_6.bmp
382,192_3.bmp
383,192_1.bmp
383,192_5.bmp
383,192_6.bmp
384,193_3.bmp
384,193_1.bmp
384,193_4.bmp
385,193_2.bmp
385,193_1.bmp
385,193_4.bmp
386,194_4.bmp
386,194_5.bmp
386,194_2.bmp
387,194_6.bmp
387,194_1.bmp
387,194_3.bmp
388,195_1.bmp
388,195_5.bmp
388,195_2.bmp
389,195_2.bmp
389,195_1.bmp
389,195_4.bmp
390,196_5.bmp
390,196_3.bmp
390,196_6.bmp
391,196_2.bmp
391,196_5.bmp
391,196_3.bmp
392,197_4.bmp
392,197_2.bmp
392,197_5.bmp
393,197_1.bmp
393,197_5.bmp
393,197_6.bmp
394,198_3.bmp
394,198_4.bmp
394,198_1.bmp
395,198_5.bmp
395,198_2.bmp
395,198_1.bmp
396,199_6.bmp
396,199_4.bmp
396,199_1.bmp
397,199_2.bmp
397,199_1.bmp
397,199_6.bmp
398,200_3.bmp
398,200_5.bmp
398,200_6.bmp
399,200_4.bmp
399,200_3.bmp
399,200_5.bmp
400,201_1.bmp
400,201_2.bmp
400,201_4.bmp
401,201_1.bmp
401,201_5.bmp
401,201_6.bmp
402,202_1.bmp
402,202_2.bmp
402,202_6.bmp
403,202_6.bmp
403,202_3.bmp
403,202_1.bmp
404,203_1.bmp
404,203_2.bmp
404,203_5.bmp
405,203_5.bmp
405,203_2.bmp
405,203_1.bmp
406,204_5.bmp
406,204_2.bmp
406,204_6.bmp
407,204_6.bmp
407,204_5.bmp
407,204_2.bmp
408,205_4.bmp
408,205_1.bmp
408,205_5.bmp
409,205_4.bmp
409,205_3.bmp
409,205_5.bmp
410,206_2.bmp
410,206_5.bmp
410,206_6.bmp
411,206_4.bmp
411,206_5.bmp
411,206_3.bmp
412,207_6.bmp
412,207_5.bmp
412,207_1.bmp
413,207_2.bmp
413,207_3.bmp
413,207_4.bmp
414,208_2.bmp
414,208_1.bmp
414,208_3.bmp
415,208_5.bmp
415,208_2.bmp
415,208_6.bmp
416,209_3.bmp
416,209_5.bmp
416,209_4.bmp
417,209_2.bmp
417,209_1.bmp
417,209_3.bmp
418,210_5.bmp
418,210_6.bmp
418,210_1.bmp
419,210_4.bmp
419,210_5.bmp
419,210_6.bmp
420,211_5.bmp
420,211_2.bmp
420,211_3.bmp
421,211_1.bmp
421,211_5.bmp
421,211_4.bmp
422,212_2.bmp
422,212_6.bmp
422,212_4.bmp
423,212_5.bmp
423,212_4.bmp
423,212_1.bmp
424,213_5.bmp
424,213_2.bmp
424,213_4.bmp
425,213_5.bmp
425,213_6.bmp
425,213_4.bmp
426,214_5.bmp
426,214_1.bmp
426,214_3.bmp
427,214_2.bmp
427,214_1.bmp
427,214_6.bmp
428,215_1.bmp
428,215_4.bmp
428,215_3.bmp
429,215_2.bmp
429,215_5.bmp
429,215_3.bmp
430,216_3.bmp
430,216_4.bmp
430,216_2.bmp
431,216_2.bmp
431,216_5.bmp
431,216_3.bmp
432,217_2.bmp
432,217_6.bmp
432,217_4.bmp
433,217_2.bmp
433,217_3.bmp
433,217_4.bmp
434,218_6.bmp
434,218_1.bmp
434,218_2.bmp
435,218_5.bmp
435,218_1.bmp
435,218_6.bmp
436,219_3.bmp
436,219_4.bmp
436,219_2.bmp
437,219_1.bmp
437,219_6.bmp
437,219_5.bmp
438,220_1.bmp
438,220_5.bmp
438,220_2.bmp
439,220_3.bmp
439,220_5.bmp
439,220_1.bmp
440,221_4.bmp
440,221_6.bmp
440,221_2.bmp
441,221_5.bmp
441,221_2.bmp
441,221_1.bmp
442,222_4.bmp
442,222_2.bmp
442,222_5.bmp
443,222_5.bmp
443,222_6.bmp
443,222_4.bmp
444,223_3.bmp
444,223_6.bmp
444,223_2.bmp
445,223_1.bmp
445,223_4.bmp
445,223_3.bmp
446,224_3.bmp
446,224_4.bmp
446,224_6.bmp
447,224_3.bmp
447,224_1.bmp
447,224_5.bmp
448,225_3.bmp
448,225_5.bmp
448,225_1.bmp
449,225_1.bmp
449,225_3.bmp
449,225_6.bmp
450,226_2.bmp
450,226_1.bmp
450,226_5.bmp
451,226_2.bmp
451,226_5.bmp
451,226_3.bmp
452,227_2.bmp
452,227_3.bmp
452,227_5.bmp
453,227_6.bmp
453,227_3.bmp
453,227_2.bmp
454,228_1.bmp
454,228_4.bmp
454,228_3.bmp
455,228_6.bmp
455,228_3.bmp
455,228_2.bmp
456,229_1.bmp
456,229_2.bmp
456,229_6.bmp
457,229_1.bmp
457,229_5.bmp
457,229_3.bmp
458,230_4.bmp
458,230_5.bmp
458,230_2.bmp
459,230_2.bmp
459,230_1.bmp
459,230_4.bmp
