trial_id,seed,split_id,k,config_name,baseline_eer,xpca_eer,delta_eer,baseline_auc,xpca_auc,delta_auc,baseline_threshold,xpca_threshold,train_count,probe_count,genuine_count,impostor_count,runtime,git_commit,config_hash,score_file_baseline,score_file_xpca
0,0,split_0,128,Standard,7.8790019966490545,8.187688579845442,0.3086865831963881,0.9726680727628199,0.9716090822384281,-0.0010589905243917341,0.28645849227905273,0.30357440772202265,1380,1221,1221,560439,1.9847119251887004,N/A,standard_k128,trial_0_standard_scores.npz,trial_0_standard_scores.npz
0,0,split_0,128,Optimized,7.1392247862836085,7.200783671371909,0.06155888508830032,0.9774735478915596,0.9773756845427446,-9.786334881500824e-05,0.28779327869415283,0.28960418404582755,1380,1221,1221,560439,1.9847119251887004,N/A,optimized_k128,trial_0_optimized_scores.npz,trial_0_optimized_scores.npz
1,1,split_1,128,Standard,8.758223464105818,8.454176101234927,-0.3040473628708906,0.9639189184001377,0.96346562700082,-0.00045329139931771234,0.27411699295043945,0.29833050906431186,1380,1221,1221,560439,1.9847119251887004,N/A,standard_k128,,
1,1,split_1,128,Optimized,8.118367922289488,8.032185483165872,-0.08618243912361517,0.9699425023251523,0.969895579649719,-4.692267543338069e-05,0.27321964502334595,0.2779568410091614,1380,1221,1221,560439,1.9847119251887004,N/A,optimized_k128,,
2,2,split_2,128,Standard,7.1271806565924205,7.225139578080757,0.0979589214883364,0.9728386992121315,0.9723318790781977,-0.0005068201339337719,0.29791635274887085,0.3148591148041258,1380,1221,1221,560439,1.9847119251887004,N/A,standard_k128,,
2,2,split_2,128,Optimized,6.4700172543309815,6.526312408665352,0.056295154334370934,0.9767467542435023,0.976685227508243,-6.152673525927632e-05,0.2978043556213379,0.29851506954279927,1380,1221,1221,560439,1.9847119251887004,N/A,optimized_k128,,
3,3,split_3,128,Standard,7.54961735353892,7.566211487780114,0.016594134241193492,0.9714524000467698,0.97025304336894,-0.001199356677829777,0.29140472412109375,0.31620239133308153,1380,1221,1221,560439,1.9847119251887004,N/A,standard_k128,,
3,3,split_3,128,Optimized,6.7429283115557626,6.62641250876545,-0.11651580279031237,0.9757046862200145,0.9756328174693064,-7.186875070808174e-05,0.29283902049064636,0.29935388907707783,1380,1221,1221,560439,1.9847119251887004,N/A,optimized_k128,,
4,4,split_4,128,Standard,7.7823813117930785,8.081789454338475,0.29940814254539594,0.9717112806994133,0.9711402485888202,-0.0005710321105930616,0.28755831718444824,0.3012056905099164,1380,1221,1221,560439,1.9847119251887004,N/A,standard_k128,,
4,4,split_4,128,Optimized,7.217823884490554,7.294727882963177,0.07690399847262303,0.9751159548978761,0.97507429748762,-4.165741025607961e-05,0.2851909101009369,0.28659705232208804,1380,1221,1221,560439,1.9847119251887004,N/A,optimized_k128,,
5,5,split_5,128,Standard,7.601094855996818,7.89639907286966,0.2953042168728423,0.96812386102746,0.9675216567349343,-0.0006022042925256654,0.2926029562950134,0.30622888055370423,1380,1221,1221,560439,1.9847119251887004,N/A,standard_k128,,
5,5,split_5,128,Optimized,7.376984827965223,7.4294437039535115,0.05245887598828852,0.9711743127940073,0.9711452654235008,-2.9047370506574133e-05,0.28573164343833923,0.28658624426868723,1380,1221,1221,560439,1.9847119251887004,N/A,optimized_k128,,
6,6,split_6,128,Standard,7.123701241348298,7.294103372534744,0.1704021311864451,0.9766170844843101,0.9759355738704071,-0.0006815106139029803,0.29659414291381836,0.31229711660367837,1380,1221,1221,560439,1.9847119251887004,N/A,standard_k128,,
6,6,split_6,128,Optimized,6.490001588040806,6.533984965357514,0.04398337731670865,0.9792252028284854,0.979186127634041,-3.907519444434904e-05,0.2963838279247284,0.29854193434392,1380,1221,1221,560439,1.9847119251887004,N/A,optimized_k128,,
7,7,split_7,128,Standard,8.281900438763182,8.31464262836812,0.03274218960493819,0.9685500362380451,0.9677432289723726,-0.0008068072656725045,0.2797784209251404,0.2986393396805814,1380,1221,1221,560439,1.9847119251887004,N/A,standard_k128,,
7,7,split_7,128,Optimized,7.2054228916974035,7.277241590967082,0.07181869926967815,0.9726282953868828,0.9725661431913138,-6.215219556893192e-05,0.28598129749298096,0.2875424422435867,1380,1221,1221,560439,1.9847119251887004,N/A,optimized_k128,,
8,8,split_8,128,Standard,7.144399301262045,7.522138894687913,0.3777395934258687,0.9743296921036158,0.9736060542535467,-0.0007236378500690144,0.298947811126709,0.31106212907498987,1380,1221,1221,560439,1.9847119251887004,N/A,standard_k128,,
8,8,split_8,128,Optimized,6.795565619095028,6.806360727929353,0.01079510883432444,0.9778327162823959,0.9777552278877132,-7.748839468268987e-05,0.2943724989891052,0.29668252744033574,1380,1221,1221,560439,1.9847119251887004,N/A,optimized_k128,,
9,9,split_9,128,Standard,7.037786449551156,7.424626052077035,0.3868396025258791,0.9757836725044575,0.9748296942817667,-0.0009539782226908322,0.298301637172699,0.3125812572200727,1380,1221,1221,560439,1.9847119251887004,N/A,standard_k128,,
9,9,split_9,128,Optimized,6.385619130717169,6.468143723045686,0.08252459232851728,0.9786525515355952,0.9785916539140354,-6.0897621559807824e-05,0.29924967885017395,0.3002576021784461,1380,1221,1221,560439,1.9847119251887004,N/A,optimized_k128,,
10,10,split_10,128,Standard,7.369312271273058,7.596455635671323,0.22714336439826482,0.9710607983238904,0.9701492271870135,-0.0009115711368768986,0.29376664757728577,0.31123377439062005,1380,1221,1221,560439,1.9847119251887004,N/A,standard_k128,,
10,10,split_10,128,Optimized,6.893346109032383,7.035645270939386,0.14229916190700298,0.9746228568955038,0.9745395771475327,-8.327974797106563e-05,0.29072749614715576,0.2904166712243393,1380,1221,1221,560439,1.9847119251887004,N/A,optimized_k128,,
11,11,split_11,128,Standard,7.456832947029027,7.542034012622246,0.08520106559321838,0.9720249190869543,0.971426576427299,-0.0005983426596553043,0.2923779785633087,0.31127762393677955,1380,1221,1221,560439,1.9847119251887004,N/A,standard_k128,,
11,11,split_11,128,Optimized,6.708937101093965,6.723746919825352,0.014809818731387203,0.9767213668387571,0.976659868599937,-6.1498238820068e-05,0.29364410042762756,0.2954463101875417,1380,1221,1221,560439,1.9847119251887004,N/A,optimized_k128,,
12,12,split_12,128,Standard,7.572188944737962,7.87471963942552,0.30253069468755833,0.9706008672542051,0.9692502405161587,-0.0013506267380464232,0.29274705052375793,0.313840210042445,1380,1221,1221,560439,1.9847119251887004,N/A,standard_k128,,
12,12,split_12,128,Optimized,7.044209985386457,7.198374845433671,0.1541648600472137,0.9752192705654189,0.9751040200045356,-0.00011525056088335095,0.29040417075157166,0.2908265833926742,1380,1221,1221,560439,1.9847119251887004,N/A,optimized_k128,,
13,13,split_13,128,Standard,8.271016114153367,8.381732891536812,0.11071677738344332,0.9671012480345877,0.9663114334149006,-0.0007898146196871902,0.28183653950691223,0.3008360664634606,1380,1221,1221,560439,1.9847119251887004,N/A,standard_k128,,
13,13,split_13,128,Optimized,7.699232209036129,7.725372431254783,0.026140222218654086,0.9708109641947222,0.970746429258417,-6.453493630520502e-05,0.2795369625091553,0.28126224357754603,1380,1221,1221,560439,1.9847119251887004,N/A,optimized_k128,,
14,14,split_14,128,Standard,7.79558524656564,8.033791367124701,0.23820612055906187,0.9713439133715024,0.9704365896654442,-0.0009073237060581718,0.2873120605945587,0.30437720497983195,1380,1221,1221,560439,1.9847119251887004,N/A,standard_k128,,
14,14,split_14,128,Optimized,7.28928572065827,7.4477329379290165,0.1584472172707463,0.9768151456979322,0.9766979076930739,-0.00011723800485829994,0.2845584750175476,0.28268366992301747,1380,1221,1221,560439,1.9847119251887004,N/A,optimized_k128,,
15,15,split_15,128,Standard,7.289821015311211,7.537484008072242,0.2476629927610302,0.9752290843007227,0.9746137263440663,-0.0006153579566564593,0.29493042826652527,0.31130199560235994,1380,1221,1221,560439,1.9847119251887004,N/A,standard_k128,,
15,15,split_15,128,Optimized,7.032255071470758,6.995141308866801,-0.03711376260395749,0.977510572803727,0.9774596876618686,-5.0885141858358907e-05,0.288524329662323,0.29215642989101187,1380,1221,1221,560439,1.9847119251887004,N/A,optimized_k128,,
16,16,split_16,128,Standard,7.534450671705571,7.8009381930950585,0.2664875213894871,0.9712791877282572,0.9702001934341227,-0.0010789942941344943,0.29050999879837036,0.3106560770698336,1380,1221,1221,560439,1.9847119251887004,N/A,standard_k128,,
16,16,split_16,128,Optimized,7.364048540519132,7.4349750820339064,0.07092654151477501,0.974998906138602,0.9749212686856212,-7.763745298072777e-05,0.282893568277359,0.28484373483973136,1380,1221,1221,560439,1.9847119251887004,N/A,optimized_k128,,
17,17,split_17,128,Standard,8.039233529429607,7.978745233647191,-0.060488295782415435,0.9680197649958855,0.9672704189734589,-0.0007493460224266002,0.28389713168144226,0.30589347097473274,1380,1221,1221,560439,1.9847119251887004,N/A,standard_k128,,
17,17,split_17,128,Optimized,7.2923190570249385,7.326221051711247,0.03390199468630839,0.973263487596002,0.9731930546274302,-7.043296857178749e-05,0.28452208638191223,0.28586014087624373,1380,1221,1221,560439,1.9847119251887004,N/A,optimized_k128,,
18,18,split_18,128,Standard,8.117564980310075,8.42767901591431,0.3101140356042337,0.9719040803012476,0.9709529612213046,-0.0009511190799430524,0.28265124559402466,0.2978686007579162,1380,1221,1221,560439,1.9847119251887004,N/A,standard_k128,,
18,18,split_18,128,Optimized,7.050009010793326,7.068030597442363,0.01802158664903769,0.9759585156961142,0.9758842115958589,-7.430410025532908e-05,0.2880704402923584,0.2900387283579326,1380,1221,1221,560439,1.9847119251887004,N/A,optimized_k128,,
19,19,split_19,128,Standard,7.856430405450013,8.03994725563353,0.18351685018351688,0.9685163950953803,0.9675233460623128,-0.0009930490330675168,0.2884029150009155,0.30710401968633516,1380,1221,1221,560439,1.9847119251887004,N/A,standard_k128,,
19,19,split_19,128,Optimized,7.039303117734491,7.119775747226728,0.08047262949223699,0.9728819838421419,0.9728018978874112,-8.00859547306354e-05,0.29081764817237854,0.2908955861345465,1380,1221,1221,560439,1.9847119251887004,N/A,optimized_k128,,
20,20,split_20,128,Standard,7.3742191389250245,7.301508281900439,-0.07271085702458546,0.9732673799173454,0.9730932615581973,-0.00017411835914804552,0.29427599906921387,0.313170127924006,1380,1221,1221,560439,1.9847119251887004,N/A,standard_k128,,
20,20,split_20,128,Optimized,6.789766593688159,6.654961556922341,-0.1348050367658185,0.977156304339102,0.9771235611996157,-3.274313948631313e-05,0.293961763381958,0.29931232687079296,1380,1221,1221,560439,1.9847119251887004,N/A,optimized_k128,,
21,21,split_21,128,Standard,7.126288498837517,7.7937117152803435,0.6674232164428264,0.9753696616200832,0.9739523897478644,-0.0014172718722188504,0.29827675223350525,0.30953191356090404,1380,1221,1221,560439,1.9847119251887004,N/A,standard_k128,,
21,21,split_21,128,Optimized,6.7138439687459295,6.807074454133274,0.0932304853873453,0.978511326835587,0.978414483513165,-9.684332242199112e-05,0.2947520911693573,0.2955850982918738,1380,1221,1221,560439,1.9847119251887004,N/A,optimized_k128,,
22,22,split_22,128,Standard,7.765876393327376,8.088302205949264,0.32242581262188763,0.9698424630174562,0.9690128198743766,-0.0008296431430796503,0.2889966368675232,0.304473557659095,1380,1221,1221,560439,1.9847119251887004,N/A,standard_k128,,
22,22,split_22,128,Optimized,6.880855900463745,6.900037292194155,0.01918139173041067,0.9748844205975133,0.9748037216039978,-8.069899351559329e-05,0.2919520437717438,0.2940003705993027,1380,1221,1221,560439,1.9847119251887004,N/A,optimized_k128,,
23,23,split_23,128,Standard,7.61429879076938,7.964827572670713,0.3505287819013325,0.973499169224306,0.9715556901405852,-0.0019434790837208338,0.29056861996650696,0.31120499161319537,1380,1221,1221,560439,1.9847119251887004,N/A,standard_k128,,
23,23,split_23,128,Optimized,6.799491113216602,6.889866693788263,0.09037558057166106,0.9775502383859404,0.9774421616209927,-0.00010807676494761775,0.29217150807380676,0.2931363576886129,1380,1221,1221,560439,1.9847119251887004,N/A,optimized_k128,,
24,24,split_24,128,Standard,7.615726243177225,7.815034285622523,0.1993080424452981,0.9704457063340011,0.9696354056971359,-0.0008103006368651577,0.2912246584892273,0.3079464481167795,1380,1221,1221,560439,1.9847119251887004,N/A,standard_k128,,
24,24,split_24,128,Optimized,6.710542985052789,6.86096078252941,0.15041779747662076,0.9752646069390621,0.9751776723400754,-8.693459898678757e-05,0.29483628273010254,0.2954584128420038,1380,1221,1221,560439,1.9847119251887004,N/A,optimized_k128,,
25,25,split_25,128,Standard,7.700570445668483,7.711187122951826,0.010616677283342701,0.9730613879254498,0.9722120654336293,-0.00084932249182057,0.29041630029678345,0.31070764241482973,1380,1221,1221,560439,1.9847119251887004,N/A,standard_k128,,
25,25,split_25,128,Optimized,7.128072814347322,7.174554233377761,0.04648141903043912,0.9771031234071814,0.9770179095547243,-8.52138524570778e-05,0.28870904445648193,0.2898566409285428,1380,1221,1221,560439,1.9847119251887004,N/A,optimized_k128,,
26,26,split_26,128,Standard,7.463880993292758,7.590924257590926,0.12704326429816698,0.9747829842336112,0.9739362929130236,-0.000846691320587567,0.2927559018135071,0.3117064425598785,1380,1221,1221,560439,1.9847119251887004,N/A,standard_k128,,
26,26,split_26,128,Optimized,6.816977405212697,6.932065755595168,0.11508835038247095,0.9782560783829433,0.9781878009142707,-6.827746867255069e-05,0.2923564016819,0.29259440744602366,1380,1221,1221,560439,1.9847119251887004,N/A,optimized_k128,,
27,27,split_27,128,Standard,7.363245598539719,7.61394192766742,0.25069632912770035,0.9703979718753852,0.9697243072811155,-0.0006736645942697628,0.29341405630111694,0.30827964963518534,1380,1221,1221,560439,1.9847119251887004,N/A,standard_k128,,
27,27,split_27,128,Optimized,7.0573247043835305,6.946429495449102,-0.11089520893442784,0.974183534596889,0.9741169252659353,-6.660933095370414e-05,0.28814905881881714,0.2931311442100592,1380,1221,1221,560439,1.9847119251887004,N/A,optimized_k128,,
28,28,split_28,128,Standard,7.684422390304742,7.972054050485425,0.28763166018068304,0.9729349996408498,0.9715941661791256,-0.0013408334617242001,0.2902080714702606,0.30893474929343573,1380,1221,1221,560439,1.9847119251887004,N/A,standard_k128,,
28,28,split_28,128,Optimized,7.126288498837517,7.125842419960065,-0.00044607887745157226,0.9774787810069081,0.9773256594088122,-0.00015312159809588444,0.28838974237442017,0.291346677027924,1380,1221,1221,560439,1.9847119251887004,N/A,optimized_k128,,
29,29,split_29,128,Standard,7.704495939790057,7.9738383659952285,0.26934242620517135,0.9700849976740841,0.9691410246243154,-0.000943973049768676,0.28839173913002014,0.3036466623211262,1380,1221,1221,560439,1.9847119251887004,N/A,standard_k128,,
29,29,split_29,128,Optimized,7.120311041879668,7.008523675190341,-0.11178736668932682,0.9738096540058931,0.9737336364658875,-7.60175400056351e-05,0.28776299953460693,0.2938458847450841,1380,1221,1221,560439,1.9847119251887004,N/A,optimized_k128,,
