component,eigenvalue,explained_variance_ratio,cumulative_variance
1,173.42096,0.8148908,0.8148908
2,8.525234,0.040059373,0.8549502
3,6.050944,0.028432885,0.8833831
4,3.132727,0.014720425,0.89810354
5,2.1613162,0.010155846,0.9082594
6,1.7960399,0.008439443,0.9166988
7,1.1808252,0.0055486006,0.9222474
8,1.0648786,0.0050037764,0.92725116
9,0.93043464,0.0043720356,0.9316232
10,0.75508046,0.0035480608,0.9351713
11,0.69166756,0.0032500888,0.93842137
12,0.5840217,0.0027442698,0.9411656
13,0.5600385,0.0026315746,0.9437972
14,0.47505587,0.0022322484,0.9460294
15,0.4205329,0.0019760495,0.9480055
16,0.39928615,0.0018762127,0.94988173
17,0.38870978,0.0018265152,0.95170826
18,0.37185144,0.0017472992,0.95345557
19,0.3513896,0.0016511506,0.95510674
20,0.28809953,0.001353756,0.9564605
21,0.28091806,0.0013200107,0.9577805
22,0.255125,0.0011988112,0.9589793
23,0.24085042,0.0011317362,0.960111
24,0.22695369,0.0010664366,0.96117747
25,0.2152326,0.0010113602,0.96218884
26,0.20748527,0.0009749562,0.9631638
27,0.20496483,0.00096311286,0.9641269
28,0.18028647,0.0008471512,0.96497405
29,0.17729515,0.0008330953,0.96580714
30,0.16412243,0.0007711978,0.96657836
31,0.16229172,0.0007625954,0.96734095
32,0.15930693,0.00074857014,0.9680895
33,0.15234031,0.00071583455,0.9688054
34,0.14697617,0.0006906289,0.969496
35,0.1450139,0.00068140833,0.9701774
36,0.13951284,0.0006555593,0.97083294
37,0.1390772,0.0006535123,0.97148645
38,0.1342916,0.0006310252,0.9721175
39,0.12645759,0.0005942138,0.9727117
40,0.120303564,0.0005652965,0.973277
41,0.118158214,0.0005552157,0.9738322
42,0.113901146,0.0005352121,0.9743674
43,0.10828101,0.0005088035,0.97487617
44,0.10326223,0.0004852207,0.9753614
45,0.10122455,0.0004756458,0.97583705
46,0.09853135,0.0004629907,0.97630006
47,0.09666032,0.0004541989,0.97675425
48,0.09321499,0.00043800953,0.9771923
49,0.09042512,0.00042490018,0.9776172
50,0.08736751,0.00041053272,0.97802776
51,0.08562692,0.00040235385,0.9784301
52,0.08010384,0.00037640132,0.9788065
53,0.075782776,0.000356097,0.9791626
54,0.07509356,0.00035285845,0.97951543
55,0.07296725,0.0003428671,0.9798583
56,0.07097867,0.0003335229,0.9801918
57,0.068169065,0.0003203208,0.98051214
58,0.06713127,0.0003154443,0.98082757
59,0.065489724,0.0003077308,0.9811353
60,0.06419298,0.0003016375,0.98143697
61,0.06268613,0.00029455696,0.98173153
62,0.060950767,0.00028640262,0.98201793
63,0.059914097,0.0002815314,0.98229945
64,0.059459344,0.00027939456,0.9825788
65,0.056945525,0.00026758233,0.9828464
66,0.05553125,0.00026093677,0.9831073
67,0.055083912,0.00025883477,0.9833662
68,0.052844062,0.0002483099,0.9836145
69,0.051403504,0.00024154082,0.983856
70,0.049889788,0.000234428,0.98409045
71,0.048485313,0.00022782848,0.98431826
72,0.048012305,0.00022560587,0.98454386
73,0.047192752,0.00022175485,0.9847656
74,0.04578289,0.00021513003,0.9849807
75,0.04486022,0.00021079447,0.9851915
76,0.044251546,0.00020793437,0.9853995
77,0.042305745,0.00019879121,0.98559827
78,0.040825404,0.0001918352,0.9857901
79,0.03954912,0.00018583806,0.9859759
80,0.03900412,0.00018327715,0.9861592
81,0.0379564,0.000178354,0.98633754
82,0.03711888,0.00017441854,0.98651195
83,0.036088213,0.00016957553,0.9866815
84,0.03555967,0.00016709196,0.9868486
85,0.034164727,0.00016053724,0.9870091
86,0.033623382,0.0001579935,0.9871671
87,0.03238806,0.00015218883,0.9873193
88,0.032119814,0.00015092836,0.9874702
89,0.031716365,0.00014903258,0.9876192
90,0.030841427,0.00014492132,0.9877641
91,0.030451814,0.00014309055,0.98790723
92,0.029531194,0.00013876465,0.988046
93,0.028830655,0.00013547287,0.9881815
94,0.028392792,0.0001334154,0.98831487
95,0.027964864,0.0001314046,0.9884463
96,0.027753973,0.00013041364,0.9885767
97,0.027162727,0.00012763542,0.9887043
98,0.02710655,0.00012737144,0.9888317
99,0.02602736,0.00012230042,0.988954
100,0.025325714,0.00011900344,0.98907304
101,0.0243834,0.00011457558,0.9891876
102,0.024208458,0.00011375355,0.9893013
103,0.02365412,0.00011114876,0.9894125
104,0.023114331,0.00010861234,0.9895211
105,0.022546716,0.00010594516,0.989627
106,0.022136386,0.000104017054,0.989731
107,0.02173251,0.000102119266,0.9898331
108,0.020950899,9.8446544e-05,0.9899316
109,0.020810038,9.778465e-05,0.9900294
110,0.020078517,9.43473e-05,0.99012375
111,0.019912692,9.3568095e-05,0.9902173
112,0.019290635,9.06451e-05,0.990308
113,0.018859006,8.8616915e-05,0.9903966
114,0.018224942,8.56375e-05,0.9904823
115,0.017918387,8.4197025e-05,0.9905665
116,0.017681736,8.308502e-05,0.9906496
117,0.017241796,8.101778e-05,0.9907306
118,0.016917277,7.949289e-05,0.9908101
119,0.016516263,7.760856e-05,0.9908877
120,0.0163851,7.699223e-05,0.9909647
121,0.016148753,7.588166e-05,0.9910406
122,0.016019369,7.527369e-05,0.99111587
123,0.015634533,7.346538e-05,0.99118936
124,0.015224078,7.1536684e-05,0.9912609
125,0.015012289,7.054151e-05,0.9913314
126,0.014917459,7.009591e-05,0.9914015
127,0.014822145,6.9648035e-05,0.9914712
128,0.014445437,6.787792e-05,0.99153906
129,0.014212221,6.678206e-05,0.9916058
130,0.014111744,6.630992e-05,0.9916721
131,0.0138063,6.4874665e-05,0.99173695
132,0.013699014,6.4370535e-05,0.9918013
133,0.013471015,6.329919e-05,0.9918646
134,0.013200635,6.2028696e-05,0.99192667
135,0.013139102,6.1739556e-05,0.9919884
136,0.01289667,6.060039e-05,0.99204904
137,0.012747182,5.9897953e-05,0.99210894
138,0.012545286,5.8949263e-05,0.9921679
139,0.012357199,5.8065456e-05,0.99222594
140,0.012263269,5.762409e-05,0.9922836
141,0.012140024,5.7044974e-05,0.9923406
142,0.011786104,5.538193e-05,0.992396
143,0.011731629,5.5125958e-05,0.99245113
144,0.011615753,5.4581466e-05,0.9925057
145,0.011374323,5.3447005e-05,0.9925592
146,0.011226808,5.2753843e-05,0.99261194
147,0.01112465,5.2273812e-05,0.9926642
148,0.0110441595,5.1895593e-05,0.99271613
149,0.010925937,5.1340077e-05,0.99276745
150,0.010667585,5.0126102e-05,0.9928176
151,0.0106089255,4.9850467e-05,0.9928674
152,0.010491701,4.9299637e-05,0.9929167
153,0.010366405,4.8710885e-05,0.9929654
154,0.010159859,4.774034e-05,0.99301314
155,0.010096969,4.7444824e-05,0.9930606
156,0.00995042,4.6756202e-05,0.9931073
157,0.009892193,4.6482597e-05,0.9931538
158,0.00976199,4.5870787e-05,0.9931997
159,0.009731777,4.572882e-05,0.9932454
160,0.009595312,4.508758e-05,0.9932905
161,0.009502134,4.4649747e-05,0.9933351
162,0.009326995,4.382678e-05,0.99337894
163,0.00929005,4.3653177e-05,0.99342257
164,0.009230334,4.337258e-05,0.99346596
165,0.009177172,4.312277e-05,0.99350905
166,0.009048926,4.2520154e-05,0.99355155
167,0.009028371,4.2423573e-05,0.993594
168,0.008868725,4.1673407e-05,0.99363565
169,0.008751241,4.112136e-05,0.9936768
170,0.008667604,4.0728355e-05,0.9937175
171,0.008629347,4.054859e-05,0.993758
172,0.008520273,4.003606e-05,0.9937981
173,0.008351322,3.9242175e-05,0.9938373
174,0.008320317,3.909648e-05,0.9938764
175,0.008272831,3.8873353e-05,0.99391526
176,0.008127884,3.819226e-05,0.99395347
177,0.00807851,3.7960253e-05,0.99399143
178,0.008015996,3.7666505e-05,0.9940291
179,0.00791653,3.719912e-05,0.9940663
180,0.00785516,3.691075e-05,0.9941032
181,0.0077867387,3.658924e-05,0.9941398
182,0.0077403006,3.6371035e-05,0.99417615
183,0.0077144834,3.6249723e-05,0.9942124
184,0.0076267137,3.58373e-05,0.9942482
185,0.007554728,3.5499044e-05,0.99428374
186,0.0075128395,3.530221e-05,0.994319
187,0.00738157,3.468539e-05,0.9943537
188,0.007342821,3.450331e-05,0.9943882
189,0.0072368993,3.4005592e-05,0.99442226
190,0.0071766083,3.3722292e-05,0.994456
191,0.0071190456,3.3451808e-05,0.99448943
192,0.0070738136,3.3239266e-05,0.9945227
193,0.007052385,3.3138575e-05,0.99455583
194,0.006976218,3.2780674e-05,0.9945886
195,0.0069356095,3.2589858e-05,0.9946212
196,0.0068602613,3.2235803e-05,0.99465346
197,0.0067838673,3.1876833e-05,0.99468535
198,0.0067252708,3.1601492e-05,0.99471694
199,0.006685467,3.1414456e-05,0.99474835
200,0.0066205417,3.110938e-05,0.99477947
201,0.006558949,3.081996e-05,0.9948103
202,0.0065319785,3.0693227e-05,0.994841
203,0.006492418,3.0507335e-05,0.9948715
204,0.006444594,3.0282616e-05,0.9949018
205,0.0063727526,2.9945038e-05,0.9949317
206,0.0063379747,2.978162e-05,0.9949615
207,0.006268959,2.9457322e-05,0.99499094
208,0.0062245005,2.9248415e-05,0.9950202
209,0.006141751,2.8859582e-05,0.99504906
210,0.0061115716,2.871777e-05,0.9950778
211,0.006101398,2.8669965e-05,0.99510646
212,0.0060450314,2.8405104e-05,0.9951349
213,0.0060383845,2.837387e-05,0.99516326
214,0.005963773,2.8023278e-05,0.9951913
215,0.0059506022,2.7961389e-05,0.99521923
216,0.0059128446,2.7783968e-05,0.995247
217,0.005835684,2.7421398e-05,0.9952744
218,0.0057767136,2.71443e-05,0.99530154
219,0.0057607293,2.7069193e-05,0.9953286
220,0.005739981,2.6971697e-05,0.9953556
221,0.0056947866,2.6759333e-05,0.99538237
222,0.0055587925,2.6120308e-05,0.9954085
223,0.005546798,2.6063946e-05,0.9954345
224,0.005535589,2.6011276e-05,0.9954605
225,0.005473449,2.5719284e-05,0.9954862
226,0.005437806,2.55518e-05,0.9955118
227,0.0053820717,2.5289912e-05,0.99553704
228,0.0053055594,2.4930387e-05,0.99556196
229,0.0053020497,2.4913894e-05,0.9955869
230,0.0052738194,2.4781242e-05,0.99561167
231,0.005212237,2.4491872e-05,0.99563617
232,0.005181609,2.4347954e-05,0.9956605
233,0.00513106,2.4110426e-05,0.9956846
234,0.0050911554,2.392292e-05,0.9957085
235,0.00506277,2.3789538e-05,0.9957323
236,0.0050473413,2.371704e-05,0.99575603
237,0.004991836,2.3456225e-05,0.9957795
238,0.0049678925,2.3343717e-05,0.9958029
239,0.0049615186,2.3313767e-05,0.9958262
240,0.0049214335,2.312541e-05,0.9958493
241,0.004879166,2.2926799e-05,0.99587226
242,0.004856,2.2817945e-05,0.9958951
243,0.0048219278,2.2657841e-05,0.99591774
244,0.0047829207,2.2474549e-05,0.9959402
245,0.004768544,2.2406994e-05,0.9959626
246,0.0047317264,2.2233991e-05,0.99598485
247,0.0046521337,2.1859993e-05,0.9960067
248,0.0045824586,2.1532594e-05,0.99602824
249,0.0045613376,2.1433349e-05,0.9960497
250,0.0045331656,2.1300972e-05,0.996071
251,0.0045279167,2.1276306e-05,0.99609226
252,0.0044925623,2.111018e-05,0.99611336
253,0.004474048,2.1023183e-05,0.9961344
254,0.004434202,2.0835949e-05,0.99615526
255,0.004377799,2.0570917e-05,0.9961758
256,0.00435329,2.0455751e-05,0.99619627
257,0.0043213353,2.0305599e-05,0.9962166
258,0.0042891353,2.0154293e-05,0.99623674
259,0.004273154,2.0079198e-05,0.9962568
260,0.0042225104,1.9841227e-05,0.9962767
261,0.00419258,1.9700588e-05,0.9962964
262,0.00417904,1.9636964e-05,0.996316
263,0.0041305954,1.9409326e-05,0.99633545
264,0.0041088853,1.9307314e-05,0.99635476
265,0.004090195,1.921949e-05,0.99637395
266,0.004070839,1.9128536e-05,0.9963931
267,0.004058175,1.9069028e-05,0.99641216
268,0.00402473,1.8911875e-05,0.99643105
269,0.0039852345,1.8726289e-05,0.99644977
270,0.0039797453,1.8700495e-05,0.9964685
271,0.0039533325,1.8576384e-05,0.9964871
272,0.0039269966,1.8452633e-05,0.99650556
273,0.0038756242,1.8211238e-05,0.9965238
274,0.0038494053,1.8088038e-05,0.99654186
275,0.0038378707,1.8033837e-05,0.9965599
276,0.003805977,1.7883973e-05,0.9965778
277,0.0037673363,1.7702403e-05,0.9965955
278,0.0037420637,1.7583649e-05,0.9966131
279,0.0037195582,1.7477898e-05,0.99663055
280,0.003717228,1.7466948e-05,0.996648
281,0.0037014068,1.7392606e-05,0.9966654
282,0.0036731022,1.7259605e-05,0.9966827
283,0.003644017,1.7122935e-05,0.9966998
284,0.003608588,1.6956457e-05,0.99671674
285,0.0035938488,1.68872e-05,0.9967336
286,0.0035728035,1.6788308e-05,0.9967504
287,0.0035579382,1.6718457e-05,0.9967671
288,0.003555998,1.670934e-05,0.9967838
289,0.003497285,1.6433454e-05,0.99680024
290,0.0034831099,1.6366846e-05,0.99681664
291,0.0034598105,1.6257365e-05,0.9968329
292,0.0034423482,1.617531e-05,0.99684906
293,0.0034224677,1.6081895e-05,0.99686515
294,0.0034001272,1.5976917e-05,0.9968811
295,0.003396156,1.5958258e-05,0.9968971
296,0.003369983,1.5835272e-05,0.99691296
297,0.0033223522,1.5611458e-05,0.9969286
298,0.003314353,1.557387e-05,0.9969441
299,0.00330545,1.5532038e-05,0.9969597
300,0.0032766596,1.5396754e-05,0.99697506
301,0.0032704158,1.5367414e-05,0.99699044
302,0.0032416375,1.5232187e-05,0.9970057
303,0.0032127323,1.5096364e-05,0.9970208
304,0.0032084654,1.5076314e-05,0.99703586
305,0.0031894762,1.4987086e-05,0.9970508
306,0.0031689897,1.4890821e-05,0.9970657
307,0.0031520436,1.4811193e-05,0.9970805
308,0.0031322408,1.4718142e-05,0.9970952
309,0.003114324,1.4633952e-05,0.9971099
310,0.0030854451,1.4498252e-05,0.9971244
311,0.0030609434,1.4383121e-05,0.99713874
312,0.003043795,1.4302542e-05,0.99715304
313,0.003013355,1.41595065e-05,0.9971672
314,0.0029860965,1.4031421e-05,0.99718124
315,0.0029798981,1.4002296e-05,0.99719524
316,0.0029749507,1.3979048e-05,0.99720925
317,0.0029570735,1.38950445e-05,0.99722314
318,0.0029526658,1.3874333e-05,0.997237
319,0.0029299823,1.3767745e-05,0.9972508
320,0.0029163423,1.3703652e-05,0.9972645
321,0.002894882,1.3602812e-05,0.9972781
322,0.002879105,1.3528677e-05,0.9972916
323,0.0028528294,1.340521e-05,0.99730504
324,0.002840213,1.3345927e-05,0.9973184
325,0.002836147,1.3326821e-05,0.99733174
326,0.0028063746,1.3186923e-05,0.9973449
327,0.0027807085,1.306632e-05,0.99735796
328,0.0027724062,1.3027308e-05,0.997371
329,0.0027466435,1.2906251e-05,0.99738395
330,0.0027373913,1.2862776e-05,0.9973968
331,0.0027342772,1.2848142e-05,0.9974097
332,0.002707236,1.2721079e-05,0.9974224
333,0.0026721337,1.2556136e-05,0.997435
334,0.002662073,1.2508861e-05,0.9974475
335,0.0026515655,1.2459487e-05,0.99745995
336,0.0026480902,1.2443158e-05,0.9974724
337,0.002639848,1.2404428e-05,0.9974848
338,0.0026097686,1.2263087e-05,0.9974971
339,0.00260205,1.2226818e-05,0.9975093
340,0.0025824616,1.2134774e-05,0.99752146
341,0.002579053,1.2118757e-05,0.99753356
342,0.0025694398,1.2073586e-05,0.99754566
343,0.002550576,1.19849465e-05,0.99755764
344,0.002529752,1.1887096e-05,0.9975695
345,0.0025183721,1.1833623e-05,0.99758136
346,0.002510901,1.1798517e-05,0.99759316
347,0.002509596,1.1792385e-05,0.99760497
348,0.0024889705,1.1695467e-05,0.99761665
349,0.002475245,1.1630972e-05,0.9976283
350,0.002466889,1.1591708e-05,0.99763983
351,0.0024513272,1.1518584e-05,0.99765134
352,0.0024331429,1.1433138e-05,0.9976628
353,0.0024289144,1.1413268e-05,0.99767417
354,0.0024168491,1.1356575e-05,0.99768555
355,0.0024091268,1.1320289e-05,0.9976969
356,0.0023866857,1.1214839e-05,0.9977081
357,0.0023631298,1.1104152e-05,0.99771917
358,0.002353261,1.1057779e-05,0.99773026
359,0.0023470076,1.1028395e-05,0.9977413
360,0.0023400905,1.0995892e-05,0.99775225
361,0.0023173003,1.08888025e-05,0.99776316
362,0.0023080825,1.084549e-05,0.997774
363,0.0022994855,1.0805093e-05,0.9977848
364,0.0022816479,1.0721275e-05,0.9977955
365,0.0022691432,1.0662517e-05,0.9978062
366,0.0022657951,1.0646784e-05,0.99781686
367,0.0022525953,1.0584759e-05,0.9978275
368,0.0022346575,1.0500471e-05,0.99783796
369,0.0022311974,1.0484213e-05,0.99784845
370,0.0022237613,1.0449271e-05,0.9978589
371,0.002210645,1.0387638e-05,0.99786925
372,0.0022074368,1.0372563e-05,0.9978796
373,0.0021937073,1.0308049e-05,0.99788994
374,0.0021829333,1.0257423e-05,0.9979002
375,0.0021739493,1.0215208e-05,0.9979104
376,0.002159865,1.0149028e-05,0.9979205
377,0.002142388,1.0066904e-05,0.9979306
378,0.0021370216,1.0041688e-05,0.9979406
379,0.0021272404,9.995727e-06,0.9979506
380,0.0021229244,9.975447e-06,0.99796057
381,0.002104467,9.888717e-06,0.99797046
382,0.002083642,9.790861e-06,0.99798024
383,0.0020791315,9.7696675e-06,0.99799
384,0.0020628932,9.693365e-06,0.9979997
385,0.0020492987,9.629485e-06,0.9980094
386,0.002045327,9.610823e-06,0.998019
387,0.0020254487,9.517416e-06,0.9980285
388,0.0020197676,9.490722e-06,0.998038
389,0.0020101028,9.445307e-06,0.9980474
390,0.0019996143,9.3960225e-06,0.9980568
391,0.0019899304,9.350519e-06,0.9980662
392,0.0019773857,9.2915725e-06,0.9980755
393,0.001973572,9.273652e-06,0.9980848
394,0.001962593,9.2220625e-06,0.998094
395,0.0019523888,9.174114e-06,0.9981032
396,0.0019501891,9.163778e-06,0.9981124
397,0.0019384808,9.108761e-06,0.9981215
398,0.0019300529,9.069159e-06,0.99813056
399,0.0019151849,8.9992955e-06,0.99813956
400,0.0019104755,8.977167e-06,0.99814856
401,0.0019011634,8.93341e-06,0.9981575
402,0.0018895974,8.879062e-06,0.9981664
403,0.0018756549,8.8135475e-06,0.9981752
404,0.0018644944,8.761105e-06,0.99818397
405,0.0018604996,8.742334e-06,0.9981927
406,0.0018444369,8.666857e-06,0.9982014
407,0.0018252949,8.576911e-06,0.99820995
408,0.0018189662,8.547172e-06,0.9982185
409,0.0018085798,8.498368e-06,0.998227
410,0.001804837,8.480781e-06,0.99823546
411,0.0017996067,8.456203e-06,0.9982439
412,0.0017847398,8.386345e-06,0.99825233
413,0.0017750646,8.340882e-06,0.9982607
414,0.0017686111,8.310558e-06,0.99826896
415,0.0017560389,8.251482e-06,0.9982772
416,0.0017409384,8.180526e-06,0.99828535
417,0.0017330855,8.143626e-06,0.9982935
418,0.0017248859,8.105097e-06,0.9983016
419,0.0017244956,8.103262e-06,0.99830973
420,0.0017150828,8.059033e-06,0.9983178
421,0.0017004847,7.990438e-06,0.99832577
422,0.0016938422,7.959225e-06,0.99833375
423,0.0016838044,7.912058e-06,0.9983417
424,0.0016814967,7.901214e-06,0.9983496
425,0.0016742538,7.867181e-06,0.9983575
426,0.0016690184,7.84258e-06,0.99836534
427,0.0016616593,7.808e-06,0.99837315
428,0.0016495306,7.7510085e-06,0.9983809
429,0.0016475386,7.741648e-06,0.99838865
430,0.0016351312,7.683347e-06,0.99839634
431,0.0016126325,7.5776275e-06,0.9984039
432,0.0016102956,7.566646e-06,0.9984115
433,0.0016034287,7.5343796e-06,0.998419
434,0.0015979458,7.5086155e-06,0.9984265
435,0.0015901447,7.4719587e-06,0.99843395
436,0.0015833677,7.440114e-06,0.9984414
437,0.0015722631,7.3879346e-06,0.9984488
438,0.0015596228,7.328539e-06,0.9984561
439,0.0015458731,7.2639305e-06,0.9984634
440,0.0015429987,7.2504236e-06,0.99847066
441,0.0015332518,7.204624e-06,0.9984779
442,0.0015306035,7.1921795e-06,0.9984851
443,0.0015190153,7.1377276e-06,0.99849224
444,0.0015125535,7.107364e-06,0.99849933
445,0.0015084044,7.0878677e-06,0.9985064
446,0.0015025763,7.060482e-06,0.99851346
447,0.0014902396,7.002513e-06,0.99852043
448,0.0014799675,6.9542452e-06,0.9985274
449,0.0014751402,6.9315624e-06,0.9985343
450,0.0014637326,6.8779586e-06,0.9985412
451,0.0014580499,6.851256e-06,0.99854803
452,0.0014513013,6.819545e-06,0.9985548
453,0.0014420743,6.7761885e-06,0.9985616
454,0.0014340491,6.7384785e-06,0.99856836
455,0.0014286333,6.7130304e-06,0.9985751
456,0.0014236943,6.689822e-06,0.99858177
457,0.0014114802,6.632429e-06,0.9985884
458,0.0014083482,6.617712e-06,0.998595
459,0.0013932373,6.546707e-06,0.99860156
460,0.0013907728,6.5351264e-06,0.9986081
461,0.0013839192,6.502922e-06,0.9986146
462,0.0013772637,6.4716482e-06,0.9986211
463,0.0013741299,6.456923e-06,0.99862754
464,0.0013632496,6.4057976e-06,0.9986339
465,0.0013571915,6.377331e-06,0.9986403
466,0.0013497578,6.3424004e-06,0.9986466
467,0.0013437745,6.3142857e-06,0.99865294
468,0.0013305944,6.2523536e-06,0.9986592
469,0.0013220799,6.2123445e-06,0.9986654
470,0.0013154242,6.1810697e-06,0.9986716
471,0.0013092977,6.152282e-06,0.99867773
472,0.0013044368,6.129441e-06,0.99868387
473,0.0012961031,6.0902817e-06,0.99868995
474,0.0012908492,6.065594e-06,0.998696
475,0.0012800057,6.0146413e-06,0.99870205
476,0.0012737818,5.9853955e-06,0.998708
477,0.0012662028,5.9497825e-06,0.99871397
478,0.0012593901,5.9177705e-06,0.9987199
479,0.0012529377,5.887451e-06,0.9987258
480,0.001245684,5.8533665e-06,0.9987316
481,0.0012349504,5.80293e-06,0.9987374
482,0.0012299925,5.7796333e-06,0.9987432
483,0.0012239222,5.7511097e-06,0.9987489
484,0.0012140276,5.704616e-06,0.9987546
485,0.0012062677,5.6681524e-06,0.9987603
486,0.0011998556,5.6380222e-06,0.99876595
487,0.0011936554,5.6088884e-06,0.99877155
488,0.001188258,5.583526e-06,0.99877715
489,0.0011840858,5.5639216e-06,0.9987827
490,0.0011775005,5.5329774e-06,0.99878824
491,0.0011709816,5.5023456e-06,0.9987937
492,0.0011623508,5.4617904e-06,0.9987992
493,0.0011590725,5.4463862e-06,0.9988046
494,0.0011478635,5.3937156e-06,0.99881
495,0.001141102,5.361944e-06,0.99881536
496,0.0011276924,5.2989335e-06,0.99882066
497,0.0011187799,5.2570545e-06,0.9988259
498,0.0011184799,5.2556447e-06,0.99883115
499,0.0011151783,5.240131e-06,0.9988364
500,0.0011042883,5.1889597e-06,0.9988416
501,0.0011007113,5.1721518e-06,0.99884677
502,0.0010865657,5.1056822e-06,0.9988519
503,0.0010835555,5.091538e-06,0.99885696
504,0.0010695485,5.0257204e-06,0.99886197
505,0.0010684293,5.0204612e-06,0.998867
506,0.0010622164,4.991267e-06,0.998872
507,0.0010549718,4.9572254e-06,0.9988769
508,0.0010439542,4.9054547e-06,0.9988818
509,0.0010378027,4.876549e-06,0.9988867
510,0.0010314437,4.846669e-06,0.99889153
511,0.0010295671,4.837851e-06,0.99889636
512,0.0010214617,4.799764e-06,0.9989012
